1578326400001,13.43.52.51,18.70.112.62,40,57354
1578326400005,16.79.101.100,12.48.65.39,92,11895
1578326400007,18.43.118.103,14.51.30.86,27,898
1578326400011,15.71.108.118,14.50.119.33,57,7496
1578326400012,14.33.30.103,15.24.31.23,115,20979
1578326400012,18.121.115.31,13.56.39.74,92,8620
1578326400014,16.108.75.29,14.34.34.69,65,46033
1578326400018,12.46.104.126,16.25.76.33,123,1500
1578326400021,12.43.98.93,18.85.31.68,79,979
1578326400021,14.32.60.107,12.30.62.113,72,1036
1578326400022,13.48.126.55,18.100.109.39,123,1500
1578326400022,14.51.37.21,16.118.26.44,123,1500
1578326400023,14.49.44.92,18.36.97.103,22,1152
1578326400023,14.53.76.24,16.73.63.85,118,5775
1578326400025,14.37.108.54,17.107.62.101,94,1086
1578326400025,14.49.89.121,12.42.30.44,114,2462
1578326400031,15.126.63.29,12.52.86.104,119,6752
1578326400035,12.45.122.125,17.103.35.100,25,42
1578326400035,14.32.69.91,13.58.72.67,57,36215
1578326400035,19.92.62.102,12.43.66.120,119,9016
1578326400036,14.57.60.122,18.92.54.85,105,13673
1578326400038,16.94.88.61,14.50.52.112,94,1361
1578326400038,17.49.84.104,12.36.93.120,75,75277
1578326400038,19.58.113.82,12.43.108.27,39,65781
1578326400040,13.34.23.71,18.73.124.107,94,1281
1578326400042,14.49.87.40,18.124.120.67,25,42
1578326400043,19.44.116.88,13.42.80.122,114,5466
1578326400044,13.45.89.48,18.38.42.28,90,42
1578326400045,19.70.37.65,14.30.99.114,37,6003
1578326400047,12.53.121.87,15.99.67.117,90,42
1578326400048,12.48.32.126,12.56.47.110,80,1018
1578326400049,17.105.25.30,12.42.54.121,56,61729
1578326400051,12.47.121.70,19.81.111.94,119,11423
1578326400052,13.37.55.112,13.57.76.27,92,15941
1578326400052,18.71.119.35,12.43.98.93,81,27475
1578326400053,16.91.54.88,12.47.64.74,55,83910
1578326400054,13.55.55.30,12.58.28.122,56,10288
1578326400054,14.45.79.49,14.41.54.105,27,1042
1578326400054,16.101.62.39,13.35.66.43,118,13134
1578326400056,14.46.37.72,19.60.123.91,75,22524
1578326400056,15.94.58.43,12.39.122.101,119,71330
1578326400057,12.40.85.115,13.30.30.34,79,1197
1578326400057,18.59.25.98,13.37.55.112,37,3613
1578326400060,12.49.68.75,13.55.70.74,82,837
1578326400060,15.101.88.91,13.50.94.94,55,6912
1578326400063,16.75.38.53,13.44.77.22,57,25704
1578326400064,14.41.120.94,13.45.47.36,27,852
1578326400067,14.39.107.103,15.92.109.78,89,47332
1578326400068,13.52.123.119,12.58.28.122,89,18131
1578326400070,18.126.73.49,14.51.86.109,37,19074
1578326400071,12.43.59.49,16.19.70.50,115,7837
1578326400071,14.38.34.41,15.70.98.83,22,705
1578326400071,16.94.115.27,13.42.66.93,55,88206
1578326400072,14.53.88.25,18.115.59.61,22,1134
1578326400073,19.90.110.62,14.46.44.82,39,13908
1578326400075,13.59.119.28,16.34.87.65,40,50956
1578326400076,19.88.118.105,12.32.106.90,52,1914
1578326400077,12.35.70.121,17.17.75.118,90,42
1578326400078,14.31.113.107,15.36.75.84,23,987
1578326400080,13.34.88.95,16.38.65.107,117,1500
1578326400080,15.74.95.106,12.47.64.74,105,60465
1578326400080,16.63.56.88,13.45.82.52,52,8386
1578326400081,13.50.99.28,19.41.88.48,89,45223
1578326400082,14.58.31.99,14.48.85.66,114,39211
1578326400082,15.100.126.50,14.58.67.64,25,42
1578326400083,16.119.120.110,14.56.36.48,119,7990
1578326400088,12.52.87.124,16.20.84.49,89,14904
1578326400088,14.48.48.28,15.34.21.61,79,1042
1578326400088,17.15.75.114,13.43.122.41,75,53438
1578326400089,15.122.74.36,13.31.72.109,89,25978
1578326400090,13.48.109.85,12.54.109.97,39,36722
1578326400090,13.59.64.32,19.68.23.114,80,1124
1578326400091,12.59.25.34,17.55.69.76,118,3468
1578326400091,15.36.79.97,13.57.76.27,65,15979
1578326400094,15.38.61.27,14.43.41.21,25,42
1578326400095,14.32.60.40,13.50.99.28,81,12600
1578326400097,13.50.51.78,17.82.62.71,123,1500
1578326400099,18.28.99.28,12.44.90.110,65,7209
1578326400100,13.33.34.81,18.58.69.83,37,6104
1578326400102,15.22.28.31,14.32.60.40,115,4067
1578326400104,17.107.62.78,14.50.24.88,75,766
1578326400110,13.58.72.67,17.24.29.57,75,50654
1578326400114,12.40.126.116,15.109.108.123,65,4444
1578326400114,12.46.91.98,19.73.74.40,114,60408
1578326400114,14.45.90.51,19.86.50.93,121,1106
1578326400114,17.45.107.26,12.31.97.58,75,8284
1578326400115,12.37.40.73,18.61.95.27,124,42
1578326400116,17.51.121.89,14.44.104.52,65,6236
1578326400118,19.17.112.53,13.45.89.48,34,1045
1578326400119,17.28.89.30,13.38.107.31,40,14484
1578326400120,15.39.111.125,14.35.89.36,61,951
1578326400124,18.67.126.98,14.30.46.47,37,15206
1578326400131,12.56.32.72,18.53.62.111,94,1035
1578326400131,12.56.91.40,14.44.118.101,123,1500
1578326400132,13.45.72.57,19.27.107.25,102,50508
1578326400132,17.86.43.89,12.35.77.125,105,18496
1578326400133,17.26.82.46,14.59.117.63,75,5363
1578326400136,19.96.123.77,13.51.26.27,115,50717
1578326400138,12.32.36.56,15.77.38.116,29,36028
1578326400141,19.109.120.61,14.32.32.113,118,9027
1578326400141,19.88.118.105,12.31.69.21,89,36013
1578326400142,14.34.95.93,18.90.73.100,105,48723
1578326400142,16.69.70.57,14.40.35.22,40,5068
1578326400145,15.125.94.98,13.54.111.51,56,120268
1578326400145,17.90.90.61,14.32.43.42,102,96069
1578326400149,13.41.98.90,17.40.112.38,82,971
1578326400150,16.51.54.61,12.55.76.121,56,7521
1578326400151,14.56.49.69,12.56.121.47,52,7435
1578326400151,19.104.106.86,13.50.51.78,39,12898
1578326400157,12.50.126.67,14.51.39.122,27,1023
1578326400158,12.54.40.45,19.106.111.55,123,1500
1578326400161,13.59.26.120,13.34.125.76,118,66755
1578326400162,12.57.92.126,12.42.62.114,114,7204
1578326400162,18.30.63.88,14.54.106.67,55,44899
1578326400163,16.94.95.78,13.40.119.70,68,929
1578326400164,14.49.89.121,13.58.72.67,92,45210
1578326400165,18.17.103.57,12.58.125.96,39,9132
1578326400165,19.58.74.28,12.48.102.111,102,45420
1578326400167,14.45.97.25,18.104.52.101,79,1276
1578326400169,14.52.45.116,18.76.107.37,96,1018
1578326400170,14.52.75.82,18.72.112.92,121,927
1578326400172,17.28.25.59,12.40.125.99,89,9122
1578326400174,14.49.102.62,16.88.30.109,72,1315
1578326400174,17.125.28.86,14.44.104.52,29,41270
1578326400175,19.64.62.57,14.52.109.25,44,6611
1578326400180,13.43.25.69,19.111.95.53,96,1108
1578326400180,19.118.78.123,13.38.72.85,56,4703
1578326400181,12.32.61.27,16.112.25.43,79,1142
1578326400184,13.55.84.103,19.116.96.125,23,887
1578326400185,13.35.40.50,15.68.65.25,112,42
1578326400186,14.52.45.116,19.95.68.107,75,43584
1578326400186,18.37.85.89,13.38.122.21,119,14582
1578326400188,12.45.52.97,18.58.108.79,72,886
1578326400189,13.42.64.34,19.34.77.117,118,2743
1578326400189,13.51.24.117,15.78.79.68,114,89565
1578326400189,16.106.119.124,14.32.111.33,55,30582
1578326400189,18.43.27.60,13.58.102.81,89,7510
1578326400192,18.88.122.108,12.59.25.34,114,18053
1578326400198,12.38.28.117,14.59.56.39,81,62153
1578326400198,16.58.122.26,14.57.40.79,44,15797
1578326400199,12.30.107.71,19.104.46.37,72,978
1578326400200,12.33.36.105,15.101.21.35,121,987
1578326400200,13.50.104.54,17.70.124.44,26,1239
1578326400201,13.44.103.55,14.50.52.112,115,37797
1578326400204,19.98.79.74,12.48.29.49,44,6705
1578326400205,14.47.86.67,12.55.121.36,80,944
1578326400205,15.57.34.105,13.32.89.80,34,811
1578326400209,13.59.26.120,13.36.70.78,102,40676
1578326400210,15.121.44.23,14.52.110.88,55,4197
1578326400213,12.48.23.97,18.117.25.119,50,1016
1578326400214,13.55.75.103,16.121.38.46,50,1353
1578326400216,12.50.120.21,19.68.21.113,61,1024
1578326400219,14.50.105.106,18.124.108.65,55,3549
1578326400221,12.47.47.34,15.70.85.113,118,4211
1578326400222,14.51.78.71,18.72.79.33,50,1268
1578326400223,12.34.39.44,18.112.22.81,27,1176
1578326400223,12.40.107.70,17.76.34.53,106,255
1578326400224,18.25.83.46,13.34.26.48,115,7663
1578326400225,14.51.93.93,19.49.116.45,37,6121
1578326400228,18.15.49.49,12.47.85.113,74,6278
1578326400233,14.49.87.40,15.109.108.123,72,1192
1578326400234,13.44.97.57,13.44.83.23,92,6559
1578326400234,19.125.60.33,13.43.52.109,121,1208
1578326400237,13.40.61.100,12.51.82.63,115,25111
1578326400238,15.78.79.68,12.35.74.108,52,29579
1578326400239,14.50.100.78,19.92.102.74,23,1152
1578326400240,16.73.72.29,13.52.64.117,29,6824
1578326400240,18.28.99.44,14.39.74.116,56,12061
1578326400241,12.46.21.45,12.47.47.34,75,78515
1578326400243,14.36.74.64,17.97.91.112,77,1198
1578326400244,17.102.43.44,12.52.92.98,94,859
1578326400246,12.57.67.21,13.55.22.67,105,8253
1578326400249,15.75.45.110,14.44.118.101,37,7700
1578326400250,13.30.49.24,17.46.66.59,96,980
1578326400252,13.55.70.74,16.26.110.100,118,18075
1578326400253,15.61.59.22,14.56.108.70,29,6861
1578326400256,12.45.84.63,12.58.28.122,115,33507
1578326400258,13.30.30.117,19.32.64.68,37,18886
1578326400258,13.53.45.110,19.40.63.27,118,8570
1578326400259,19.84.118.69,14.42.117.23,81,57023
1578326400261,19.76.33.31,12.31.124.46,52,32976
1578326400264,14.58.49.108,13.47.63.29,65,4362
1578326400266,19.66.52.70,13.40.61.50,56,6749
1578326400267,13.52.54.98,14.53.59.78,106,255
1578326400270,12.36.80.94,15.73.113.65,68,1224
1578326400271,13.59.42.124,15.73.52.45,121,836
1578326400272,15.64.29.60,14.45.106.103,55,8068
1578326400273,14.51.62.54,13.43.97.82,119,78143
1578326400275,18.45.22.67,12.57.49.95,65,77497
1578326400280,16.84.34.96,13.35.66.43,44,6164
1578326400284,14.51.27.103,15.20.45.124,40,26357
1578326400285,19.113.115.108,12.58.76.101,115,48012
1578326400286,13.37.25.93,18.28.81.85,112,42
1578326400287,15.15.33.102,12.31.48.92,119,4411
1578326400289,17.79.99.97,12.30.62.113,114,24166
1578326400289,19.89.51.122,13.32.51.88,89,34205
1578326400291,19.106.110.126,14.44.60.87,114,1654
1578326400294,13.58.29.31,16.108.34.65,37,18462
1578326400294,14.30.30.49,12.43.60.48,52,10499
1578326400296,16.104.119.123,13.36.43.78,52,83128
1578326400297,12.42.34.100,19.22.96.75,52,4355
1578326400299,12.34.26.63,14.31.124.90,75,34484
1578326400299,13.57.106.78,15.51.61.46,26,914
1578326400303,14.37.48.116,12.54.35.59,57,8966
1578326400305,14.38.125.98,18.90.39.31,22,1078
1578326400306,13.37.55.112,18.92.54.85,39,101705
1578326400309,13.30.55.77,18.44.35.36,52,69395
1578326400312,14.43.82.36,13.30.42.102,114,9415
1578326400313,12.30.41.27,15.61.86.119,44,14649
1578326400315,15.50.37.106,13.52.123.119,57,40231
1578326400316,12.48.46.43,12.37.117.51,56,29187
1578326400316,13.41.125.93,18.115.68.89,52,7243
1578326400318,13.45.60.33,14.58.28.69,105,82493
1578326400318,14.39.42.91,18.103.121.109,72,1041
1578326400318,14.58.52.90,12.46.108.88,92,17030
1578326400318,19.41.102.56,12.31.102.74,39,48305
1578326400321,18.120.93.68,12.48.31.21,29,4499
1578326400321,19.20.100.38,14.46.80.36,39,6959
1578326400322,13.50.52.112,18.112.92.58,115,34717
1578326400322,16.111.57.95,14.40.42.53,119,60715
1578326400323,14.51.30.86,14.43.75.44,23,949
1578326400325,12.55.36.65,15.31.57.45,68,785
1578326400326,12.57.33.68,14.39.79.40,37,5590
1578326400329,12.32.106.90,19.93.73.118,22,1022
1578326400329,13.52.71.74,13.58.68.98,37,9251
1578326400329,14.30.26.123,19.39.113.76,23,753
1578326400329,18.25.87.87,14.42.45.48,55,33666
1578326400330,12.50.126.67,18.122.77.58,81,8108
1578326400332,13.33.35.115,14.39.79.40,92,42446
1578326400333,12.31.124.46,19.93.104.62,75,1439
1578326400334,17.23.83.70,13.42.66.93,114,15016
1578326400335,13.57.76.27,17.103.76.48,121,882
1578326400337,16.41.93.100,14.35.34.107,114,5214
1578326400338,13.42.73.79,13.30.30.117,121,959
1578326400339,12.44.49.82,15.107.39.52,57,6883
1578326400339,16.26.34.63,14.30.29.98,119,6548
1578326400340,19.70.36.62,14.53.76.64,72,947
1578326400341,13.51.26.27,13.38.107.31,65,46807
1578326400342,12.30.41.27,12.40.85.115,80,887
1578326400342,18.54.67.107,12.33.69.54,72,693
1578326400344,12.54.59.43,15.92.54.35,68,1103
1578326400349,14.50.21.87,16.80.71.94,112,42
1578326400349,15.59.70.56,12.32.21.54,26,1080
1578326400350,15.56.61.58,12.40.125.99,37,49606
1578326400351,17.61.101.59,14.35.72.110,57,7116
1578326400356,16.95.52.43,12.41.37.30,114,5481
1578326400358,12.46.107.121,15.62.117.123,57,5885
1578326400359,14.42.109.95,15.123.65.23,44,12699
1578326400360,13.45.122.120,18.124.120.67,118,14944
1578326400361,13.40.119.70,15.68.68.73,96,1086
1578326400361,14.38.120.48,14.36.60.53,82,901
1578326400364,18.50.113.81,12.52.115.40,105,5191
1578326400364,18.90.46.44,14.31.124.90,74,82122
1578326400371,12.53.126.100,18.93.124.81,37,8984
1578326400371,13.56.87.122,17.29.95.25,94,933
1578326400373,14.33.30.103,15.57.78.100,80,1137
1578326400375,12.42.90.62,15.71.28.54,37,5965
1578326400378,14.38.120.48,13.39.93.73,117,1500
1578326400378,19.97.24.115,14.37.50.41,119,51033
1578326400381,16.36.67.112,13.46.103.23,75,5350
1578326400385,14.36.47.58,13.55.70.74,80,986
1578326400385,14.38.34.41,13.36.70.78,26,868
1578326400386,13.50.52.112,19.87.55.92,57,14760
1578326400387,18.119.67.87,14.46.56.95,65,6409
1578326400388,18.45.97.34,14.51.85.92,29,40924
1578326400389,12.40.85.115,15.23.120.93,68,961
1578326400389,12.57.49.95,19.27.82.39,89,19528
1578326400392,17.71.65.115,13.44.103.55,102,59997
1578326400394,16.111.57.95,13.37.103.86,118,7186
1578326400396,13.58.102.81,19.47.28.83,79,837
1578326400397,19.90.59.68,13.39.69.54,80,888
1578326400402,12.30.41.27,16.36.94.41,26,891
1578326400402,12.33.73.55,17.121.39.102,115,51572
1578326400407,17.25.43.61,12.58.76.101,56,15810
1578326400408,12.44.90.114,15.104.31.33,57,28781
1578326400409,13.34.89.21,18.17.75.38,55,24011
1578326400410,12.48.31.21,13.47.86.88,96,918
1578326400411,16.67.22.71,12.56.91.40,65,5903
1578326400411,18.100.109.39,14.53.122.25,56,107689
1578326400412,12.51.27.88,14.58.82.87,118,15916
1578326400412,17.73.90.96,14.34.36.117,119,4646
1578326400414,13.41.106.119,17.78.111.117,119,6033
1578326400414,14.36.92.109,17.66.27.83,80,945
1578326400415,18.40.74.123,12.52.109.125,40,2434
1578326400419,16.112.125.83,13.59.54.25,29,18927
1578326400420,18.77.91.99,13.36.108.52,74,38894
1578326400424,15.31.105.85,12.48.29.49,34,937
1578326400424,18.18.83.28,12.51.82.63,75,38398
1578326400425,12.44.90.114,16.72.63.121,115,3972
1578326400429,17.80.42.39,12.36.80.94,118,108039
1578326400430,13.59.28.53,18.82.43.27,57,11068
1578326400431,13.45.64.76,15.118.58.36,68,855
1578326400432,13.33.35.115,18.26.91.123,115,25690
1578326400433,13.34.27.126,19.109.66.24,57,32913
1578326400433,13.56.44.106,14.47.66.87,61,921
1578326400434,14.41.117.96,16.56.53.65,22,999
1578326400435,13.42.66.93,12.42.34.100,90,42
1578326400444,12.46.21.45,17.97.122.23,123,1500
1578326400444,13.57.104.105,16.30.99.88,115,38102
1578326400446,13.57.122.124,13.34.125.76,39,9260
1578326400448,12.49.49.70,19.24.28.125,29,42836
1578326400448,14.50.21.87,17.80.45.44,68,940
1578326400448,19.22.118.61,13.46.84.103,92,27210
1578326400451,15.65.59.82,13.41.36.62,55,9112
1578326400453,19.42.45.92,12.30.79.116,40,4593
1578326400455,13.30.99.102,13.32.37.75,119,10924
1578326400456,13.45.21.97,14.55.60.84,52,8244
1578326400457,18.111.65.27,13.59.119.28,114,4303
1578326400460,14.34.83.70,12.53.109.71,112,42
1578326400462,15.123.53.112,14.55.27.67,65,8622
1578326400472,13.58.101.119,14.51.39.122,65,19729
1578326400472,14.49.44.92,12.55.64.120,25,42
1578326400475,18.123.54.69,13.35.104.115,102,48492
1578326400476,13.31.72.109,16.123.61.44,72,876
1578326400477,12.55.116.41,14.47.89.22,22,1036
1578326400477,14.56.49.69,12.35.72.64,80,791
1578326400479,14.44.118.101,19.65.113.62,102,57700
1578326400480,15.23.43.45,12.30.80.120,29,5935
1578326400485,19.78.25.105,13.35.79.97,40,67047
1578326400486,13.43.22.89,15.107.100.72,37,7876
1578326400487,14.30.26.123,19.48.30.33,37,9672
1578326400487,17.85.96.32,12.56.80.111,40,43034
1578326400491,13.45.89.48,17.15.77.22,115,9758
1578326400493,15.118.58.36,14.35.89.36,75,34999
1578326400494,19.112.60.63,14.50.21.87,40,32563
1578326400497,13.46.84.103,18.69.54.66,56,60054
1578326400499,12.48.102.111,18.22.44.67,57,67025
1578326400500,14.59.55.31,12.42.62.114,75,5942
1578326400501,17.83.91.64,12.49.123.62,118,7795
1578326400503,14.41.99.120,14.40.94.117,74,7108
1578326400506,16.126.119.40,12.37.40.73,40,5851
1578326400507,16.116.38.32,14.50.123.50,114,38373
1578326400508,14.45.67.46,18.110.30.78,26,1103
1578326400508,15.110.75.26,12.56.80.111,50,973
1578326400510,14.57.50.29,19.87.55.92,22,1066
1578326400510,19.15.44.99,13.56.83.61,102,39026
1578326400512,19.21.86.115,14.41.84.35,74,9394
1578326400517,14.41.54.105,13.34.68.110,121,1008
1578326400519,12.44.47.96,14.50.105.106,102,27757
1578326400521,17.41.119.34,13.30.49.24,37,70156
1578326400524,14.43.107.104,17.126.108.121,74,43926
1578326400524,16.70.114.33,14.47.38.54,44,6251
1578326400525,14.57.83.36,17.100.125.113,94,1116
1578326400530,16.18.116.99,14.32.112.111,56,12548
1578326400530,17.96.60.118,14.30.99.114,40,60920
1578326400531,12.58.74.21,15.22.50.58,42,1337
1578326400533,14.55.43.81,18.67.119.70,22,1097
1578326400537,14.39.53.59,14.47.51.82,96,954
1578326400539,15.27.98.86,13.59.69.42,121,985
1578326400545,14.43.41.21,18.51.91.96,82,786
1578326400546,12.33.52.61,16.116.119.78,72,1012
1578326400546,13.32.89.80,14.47.89.22,39,26763
1578326400546,13.39.46.94,16.98.27.26,55,14395
1578326400548,18.29.120.112,14.38.81.41,40,4212
1578326400551,15.23.45.37,14.53.63.77,52,96277
1578326400554,18.31.88.70,14.50.123.50,74,8263
1578326400555,14.45.106.103,17.117.51.106,75,36908
1578326400555,17.45.71.90,14.43.40.85,114,30379
1578326400556,17.107.62.101,12.52.115.40,102,5539
1578326400559,13.30.86.49,18.79.72.100,80,918
1578326400563,12.52.109.125,18.59.42.33,92,5203
1578326400564,12.41.93.82,19.50.73.94,106,255
1578326400566,12.32.57.126,18.94.48.59,56,48451
1578326400567,13.35.111.87,14.39.79.40,92,6862
1578326400568,15.57.34.105,12.48.46.43,37,22814
1578326400568,18.105.90.89,13.30.101.52,77,998
1578326400569,14.47.74.93,15.99.120.31,65,54132
1578326400570,12.51.27.88,16.75.43.50,92,35189
1578326400571,12.48.81.33,14.47.89.22,121,1003
1578326400572,19.109.82.21,14.49.55.105,102,11847
1578326400574,19.23.42.124,14.41.72.71,29,4260
1578326400575,13.39.93.73,14.36.81.42,77,1117
1578326400578,12.34.48.37,13.42.104.86,121,841
1578326400579,19.69.70.29,12.31.122.30,40,59194
1578326400589,14.31.119.101,16.84.77.84,61,999
1578326400589,14.57.83.36,18.120.86.117,119,31419
1578326400589,19.60.78.67,13.44.77.22,29,7378
1578326400591,14.46.108.67,15.85.51.31,117,1500
1578326400595,13.44.45.77,17.111.41.119,57,39266
1578326400595,19.100.68.121,14.51.84.50,89,15519
1578326400596,13.30.72.123,16.24.56.34,27,1073
1578326400596,19.84.108.67,12.43.119.25,37,14919
1578326400598,14.41.42.76,14.52.98.41,57,47684
1578326400600,12.42.78.37,12.44.90.114,39,28560
1578326400600,13.54.33.83,14.52.33.118,50,985
1578326400600,13.54.58.105,12.42.30.44,118,7439
1578326400600,16.19.40.110,12.30.45.23,92,104070
1578326400600,16.30.111.90,12.30.51.81,118,3509
1578326400601,14.35.89.36,15.120.88.33,61,850
1578326400601,14.37.29.56,13.47.22.97,96,1042
1578326400602,19.55.112.35,14.42.117.23,118,31677
1578326400603,14.43.45.110,13.41.85.42,105,68740
1578326400603,19.56.59.63,14.42.109.95,121,1051
1578326400604,17.50.87.71,14.45.87.35,92,7676
1578326400604,19.36.42.25,13.45.121.86,65,8964
1578326400606,13.40.35.74,15.94.125.123,89,76363
1578326400607,15.43.26.111,12.43.60.42,56,12231
1578326400608,13.56.103.125,12.42.34.100,22,771
1578326400610,13.46.50.60,15.108.62.67,82,833
1578326400610,16.94.25.108,12.31.86.26,106,255
1578326400611,14.44.58.83,17.21.110.74,80,1046
1578326400612,13.31.25.32,16.59.34.71,102,29036
1578326400612,14.45.84.88,13.40.30.60,23,837
1578326400613,12.30.75.111,18.47.21.71,115,8077
1578326400613,12.48.64.37,14.47.99.100,75,19853
1578326400614,13.32.54.109,17.24.88.63,89,82612
1578326400618,13.40.81.60,16.118.48.47,50,941
1578326400620,12.55.115.122,18.22.44.113,89,27103
1578326400620,13.54.58.105,15.48.51.62,52,10002
1578326400621,12.59.80.73,15.75.73.94,117,1500
1578326400623,17.55.112.45,14.50.43.121,89,31975
1578326400623,19.20.113.47,12.58.74.21,115,8043
1578326400625,13.40.58.75,14.50.52.112,68,890
1578326400626,14.50.24.88,16.41.80.111,82,845
1578326400628,13.55.120.121,13.56.83.109,34,829
1578326400628,18.99.62.34,12.34.55.109,40,7505
1578326400631,12.47.85.113,15.24.28.42,55,10061
1578326400631,12.48.64.37,17.58.111.104,39,28502
1578326400631,13.50.52.112,19.94.121.69,57,59957
1578326400631,17.59.115.32,14.58.125.98,37,10511
1578326400632,12.38.56.107,12.50.120.21,61,645
1578326400633,15.121.118.73,12.45.94.34,40,5367
1578326400635,17.77.98.108,14.58.56.75,34,1365
1578326400638,16.23.35.83,12.38.62.37,57,5936
1578326400640,19.97.59.53,14.36.60.53,74,109950
1578326400641,16.80.71.94,13.46.103.23,55,8951
1578326400642,19.122.33.30,14.47.24.84,96,874
1578326400644,13.32.37.75,15.52.59.111,40,33069
1578326400644,13.36.70.78,12.54.100.46,55,3661
1578326400647,14.37.50.41,14.47.89.22,114,2900
1578326400649,13.50.52.112,16.72.21.51,40,36886
1578326400649,13.59.126.38,19.96.79.117,26,1371
1578326400650,14.52.110.88,18.51.91.96,79,978
1578326400652,12.43.59.49,13.31.27.25,89,9592
1578326400653,17.73.59.62,12.34.27.104,37,7729
1578326400654,14.56.86.100,15.98.87.25,52,57739
1578326400655,13.32.102.63,17.115.75.38,50,1209
1578326400656,12.41.97.34,16.126.43.47,124,42
1578326400656,13.31.25.32,14.36.47.58,106,255
1578326400662,12.52.55.115,12.49.35.70,118,44527
1578326400662,13.45.72.57,17.51.50.99,80,1145
1578326400663,16.78.102.120,14.31.123.56,105,50622
1578326400663,18.29.112.23,14.39.53.59,39,32220
1578326400663,19.44.116.88,14.34.65.37,55,3751
1578326400664,13.32.37.75,16.21.82.114,55,84881
1578326400665,14.53.122.55,13.45.122.120,117,1500
1578326400665,15.39.111.68,12.50.126.67,119,10195
1578326400665,16.44.37.92,14.49.102.62,81,16930
1578326400666,14.51.68.82,13.40.30.60,34,1124
1578326400667,12.56.80.111,17.104.38.47,77,1151
1578326400668,12.48.58.57,12.36.96.50,50,1246
1578326400674,19.65.117.53,13.46.28.99,61,978
1578326400675,19.121.62.45,12.46.104.87,81,4762
1578326400676,16.25.115.50,12.57.33.114,82,857
1578326400677,14.36.94.23,16.110.62.100,40,30512
1578326400681,15.74.43.63,14.30.109.32,39,44971
1578326400682,17.48.26.123,12.57.27.117,114,71857
1578326400683,12.33.27.37,18.81.111.121,77,1115
1578326400687,16.94.25.108,14.51.115.106,55,17522
1578326400690,19.33.49.59,14.30.99.114,105,6231
1578326400691,14.37.108.54,16.119.89.36,77,964
1578326400691,17.95.58.27,14.38.34.41,40,2198
1578326400693,18.70.21.23,14.43.82.36,102,62988
1578326400694,18.83.98.75,13.40.30.60,56,9388
1578326400696,13.59.107.90,17.66.26.111,40,6590
1578326400697,13.59.64.32,15.33.66.63,42,1337
1578326400698,12.32.110.42,15.96.47.59,105,82365
1578326400706,18.41.107.101,12.54.31.69,114,37177
1578326400707,18.49.56.23,13.55.93.59,26,1088
1578326400708,18.28.113.71,12.41.39.114,65,71298
1578326400708,18.59.54.70,13.37.85.29,44,27424
1578326400709,19.97.93.67,13.37.89.29,92,52205
1578326400710,17.83.43.74,12.52.126.88,105,6459
1578326400711,16.44.56.72,13.57.99.96,55,8005
1578326400714,19.101.51.49,13.56.39.74,56,7189
1578326400717,14.55.62.96,13.40.30.60,29,7711
1578326400718,19.70.92.72,12.30.117.118,81,7533
1578326400721,14.51.84.50,18.30.21.92,81,63854
1578326400722,16.104.99.41,13.45.80.96,81,6966
1578326400722,18.18.81.23,13.45.122.120,92,35409
1578326400724,13.59.28.53,12.37.117.51,118,65512
1578326400725,15.70.44.76,13.44.83.23,94,657
1578326400728,12.45.25.43,17.70.32.118,26,951
1578326400728,15.34.73.29,12.36.93.120,37,10279
1578326400736,16.94.73.93,12.45.30.70,65,4572
1578326400740,15.88.97.116,12.41.37.30,94,1093
1578326400744,19.105.89.56,13.50.114.110,57,1169
1578326400745,13.36.70.78,12.56.120.100,105,7390
1578326400746,13.53.114.117,14.44.118.101,56,4782
1578326400746,17.95.51.119,12.54.83.120,29,30032
1578326400748,16.76.111.21,12.54.100.46,39,84463
1578326400749,12.56.47.110,17.87.84.76,121,665
1578326400749,16.99.43.49,13.57.66.44,29,76318
1578326400754,12.33.36.105,16.55.56.25,22,925
1578326400755,14.46.36.121,18.21.57.82,105,9338
1578326400755,15.119.114.116,12.34.55.109,65,10083
1578326400756,13.52.113.117,15.59.70.39,65,24447
1578326400758,15.32.103.62,13.30.30.117,52,36463
1578326400758,19.50.99.79,14.36.81.42,89,4509
1578326400759,12.44.49.80,14.51.39.122,81,7579
1578326400759,14.54.42.56,16.97.25.49,119,5717
1578326400765,14.46.31.105,13.57.76.27,106,255
1578326400765,15.101.21.35,12.48.42.74,37,45346
1578326400766,19.91.116.122,14.45.79.49,105,54635
1578326400766,19.99.53.44,14.57.50.29,92,61850
1578326400770,14.41.120.94,16.68.34.69,50,963
1578326400770,17.107.71.30,14.52.33.118,44,8722
1578326400771,12.40.116.37,16.68.31.25,105,26289
1578326400773,15.41.120.44,12.45.107.48,105,25258
1578326400773,19.68.57.47,12.43.99.108,105,5297
1578326400777,13.33.24.50,15.106.92.80,65,41725
1578326400777,19.80.73.87,14.51.78.71,29,70130
1578326400778,13.46.43.95,18.115.113.116,92,69002
1578326400780,16.108.71.50,14.53.122.25,37,60021
1578326400781,13.54.111.51,19.50.97.79,81,17300
1578326400784,13.43.77.101,15.78.71.112,68,1136
1578326400784,17.46.57.125,13.48.59.114,77,955
1578326400787,13.36.115.51,15.82.94.38,94,991
1578326400789,13.37.89.29,17.28.89.22,102,7354
1578326400789,19.117.115.50,13.55.106.65,114,15873
1578326400792,16.110.34.74,13.57.76.27,25,42
1578326400794,14.36.57.67,17.64.70.47,102,24840
1578326400795,14.42.117.23,13.51.26.27,119,68257
1578326400796,14.35.55.86,14.47.89.22,65,2936
1578326400796,14.40.89.31,17.93.23.25,74,75109
1578326400796,18.37.77.49,14.31.100.118,55,20775
1578326400796,18.54.109.66,12.58.71.124,118,5456
1578326400797,17.27.125.122,13.40.66.21,114,25747
1578326400798,19.17.41.51,13.59.119.28,119,7982
1578326400799,13.50.46.76,15.125.32.66,34,932
1578326400799,18.43.22.96,13.36.115.51,74,62449
1578326400801,14.31.85.102,16.103.79.75,114,19470
1578326400801,16.113.52.73,14.31.107.42,92,71102
1578326400802,13.37.120.107,15.120.86.67,74,2155
1578326400803,12.56.32.72,16.114.52.47,25,42
1578326400803,17.39.116.117,14.51.37.21,75,67993
1578326400803,19.91.98.62,13.48.126.55,79,926
1578326400804,12.47.103.86,14.47.66.87,42,1337
1578326400804,15.61.106.115,12.56.101.50,89,8184
1578326400805,12.54.109.97,12.50.105.24,90,42
1578326400806,14.49.37.85,13.57.94.56,23,1124
1578326400806,16.22.61.35,12.40.126.116,37,5388
1578326400807,16.22.121.27,14.52.110.88,118,5481
1578326400809,13.45.121.86,13.55.87.104,27,1000
1578326400814,12.42.54.121,15.76.24.39,105,21821
1578326400819,19.74.45.73,13.34.88.95,44,5376
1578326400820,15.68.112.46,14.48.60.119,55,31342
1578326400820,17.114.64.81,12.37.30.79,89,18994
1578326400823,17.47.56.52,12.45.54.25,115,35599
1578326400824,13.34.89.21,19.41.83.79,50,995
1578326400826,17.72.67.49,12.45.84.63,118,13600
1578326400827,17.98.33.121,14.55.63.94,74,6072
1578326400831,14.58.31.99,18.21.24.23,74,9083
1578326400831,15.68.89.85,12.41.101.50,57,9372
1578326400836,19.39.70.82,13.45.79.126,55,63550
1578326400837,13.34.74.75,18.58.52.83,27,1016
1578326400839,12.48.58.57,19.55.55.115,56,4290
1578326400839,14.48.58.30,15.67.121.100,27,1115
1578326400840,18.106.42.111,12.48.26.28,115,103399
1578326400841,12.57.118.108,16.124.100.25,42,1337
1578326400841,17.84.82.125,12.40.102.61,44,39934
1578326400842,14.35.89.36,14.49.52.123,75,73342
1578326400842,19.21.86.115,14.39.79.40,105,7293
1578326400843,12.40.51.43,16.101.62.84,118,27175
1578326400845,19.18.98.71,13.37.106.28,115,42973
1578326400846,13.55.92.87,18.27.104.93,96,784
1578326400850,14.36.72.77,17.89.111.64,96,708
1578326400855,13.45.121.86,12.36.36.112,55,8123
1578326400856,13.57.94.56,15.83.41.119,29,6338
1578326400856,15.18.108.35,13.30.30.117,118,10988
1578326400859,12.34.57.42,13.53.45.110,44,46560
1578326400859,19.18.126.113,14.47.53.31,119,20439
1578326400859,19.44.125.82,12.39.122.101,118,53243
1578326400862,14.51.68.82,14.54.55.74,105,6231
1578326400862,17.40.84.89,13.55.75.103,39,40545
1578326400865,15.105.55.34,12.44.90.114,92,51792
1578326400867,12.37.36.110,17.56.94.112,75,32872
1578326400868,12.34.76.96,17.37.99.46,57,15112
1578326400870,19.59.115.76,12.44.117.68,115,42224
1578326400871,13.41.106.119,12.56.121.47,44,49332
1578326400871,15.79.123.64,14.57.74.112,52,78379
1578326400872,19.15.87.125,12.36.95.98,56,103149
1578326400876,12.41.93.82,16.90.66.87,65,548
1578326400876,17.111.84.45,14.44.60.87,56,7667
1578326400877,12.58.71.70,16.38.73.117,37,43467
1578326400877,13.38.61.108,16.71.122.117,75,40661
1578326400879,18.38.40.116,12.48.48.60,29,545
1578326400880,14.53.76.24,13.37.44.102,22,1405
1578326400880,16.112.27.79,12.48.102.111,115,35930
1578326400881,15.17.108.67,12.53.31.73,81,56484
1578326400882,18.15.87.81,13.31.25.32,114,7020
1578326400887,14.34.49.116,17.111.120.46,92,59210
1578326400888,15.61.59.22,14.43.40.85,105,12372
1578326400888,19.111.87.34,13.54.95.109,75,11898
1578326400889,12.57.49.95,12.51.82.63,65,12203
1578326400889,13.44.25.107,15.91.91.116,94,1009
1578326400889,14.49.58.56,14.49.89.121,22,929
1578326400889,15.18.108.35,14.40.42.53,40,15891
1578326400893,13.54.121.75,12.49.68.75,117,1500
1578326400893,14.51.68.82,18.93.96.55,119,40602
1578326400894,16.62.24.75,12.32.36.56,115,25378
1578326400900,14.49.55.105,17.85.33.28,26,1172
1578326400900,18.40.51.88,13.40.30.60,65,61349
1578326400902,12.30.107.71,16.24.94.61,94,879
1578326400905,13.39.115.125,17.64.35.97,26,1200
1578326400905,14.52.75.82,18.104.22.116,37,14387
1578326400906,13.30.49.24,13.55.120.121,61,958
1578326400913,13.49.50.60,18.15.80.48,96,1251
1578326400913,13.59.26.120,14.43.50.53,56,27985
1578326400913,14.48.85.66,19.74.105.99,44,92723
1578326400916,16.41.73.115,12.44.110.83,57,577
1578326400916,16.80.74.120,13.40.35.74,23,980
1578326400917,17.33.39.23,13.55.43.34,37,25115
1578326400918,19.64.62.57,12.46.22.25,79,1082
1578326400920,12.46.21.45,16.32.70.112,39,22541
1578326400920,16.57.26.39,13.54.111.51,89,6632
1578326400920,19.62.115.28,12.31.114.38,119,40769
1578326400921,13.30.86.49,12.34.44.43,77,904
1578326400926,19.66.114.126,13.44.63.106,74,6502
1578326400928,13.58.83.123,15.114.62.23,37,50079
1578326400931,13.40.61.100,16.28.124.54,55,3778
1578326400932,13.50.121.25,16.92.52.25,29,49703
1578326400933,18.20.97.42,14.32.60.40,105,9634
1578326400933,18.51.62.22,12.39.94.104,26,1143
1578326400934,13.58.102.81,12.40.125.99,80,981
1578326400935,12.55.116.41,16.85.89.60,80,1131
1578326400935,15.60.21.99,13.44.46.72,102,39242
1578326400939,13.34.27.126,14.49.52.123,39,17944
1578326400941,16.93.74.68,13.45.41.70,74,8538
1578326400942,12.35.75.102,15.78.24.83,114,84105
1578326400942,14.31.85.102,13.38.107.31,57,37815
1578326400942,15.52.30.48,14.59.29.115,22,580
1578326400942,19.38.85.42,14.57.40.79,92,59222
1578326400943,14.34.58.53,16.26.124.30,121,664
1578326400944,12.48.31.21,13.53.114.117,105,5399
1578326400947,13.35.25.30,18.114.66.73,65,8979
1578326400948,17.44.45.65,14.45.31.35,61,997
1578326400948,19.51.54.97,13.42.80.122,105,21348
1578326400949,13.56.103.125,16.121.67.83,80,787
1578326400953,12.30.51.81,19.24.30.92,57,63878
1578326400954,13.44.46.40,15.24.96.89,26,735
1578326400955,12.48.58.57,13.50.69.39,89,7641
1578326400955,17.93.94.55,12.42.63.40,52,31278
1578326400957,16.118.81.98,14.36.57.67,65,3862
1578326400959,16.67.61.88,12.45.94.34,29,89337
1578326400960,12.49.109.36,17.42.85.94,114,58534
1578326400960,13.59.126.38,16.60.126.57,119,33038
1578326400961,15.84.86.115,12.58.113.64,75,14002
1578326400963,14.36.32.91,14.49.102.62,81,40567
1578326400963,14.48.28.53,17.57.86.22,68,762
1578326400963,14.51.102.94,19.88.78.91,124,42
1578326400967,13.49.46.110,19.58.112.23,121,1183
1578326400967,17.112.81.83,14.48.75.21,42,1337
1578326400967,18.98.42.89,12.45.107.48,39,6576
1578326400972,13.30.42.102,14.39.78.114,44,49481
1578326400972,14.47.46.103,17.52.67.111,27,1083
1578326400974,13.56.119.33,16.32.51.114,40,22090
1578326400974,14.42.72.97,17.58.111.104,22,827
1578326400975,14.39.78.114,12.40.51.43,102,7969
1578326400976,13.37.89.29,18.69.96.87,22,1047
1578326400976,17.121.41.117,12.32.116.57,102,16289
1578326400984,12.33.28.63,12.35.74.108,23,1006
1578326400985,13.31.25.32,18.35.126.93,118,32489
1578326400985,16.114.52.47,14.57.40.79,81,37703
1578326400987,19.126.53.93,13.48.86.114,52,26030
1578326400988,13.46.103.23,19.31.41.103,72,976
1578326400989,12.45.45.30,18.95.42.58,50,1025
1578326400990,13.57.122.124,12.54.100.46,56,11105
1578326400991,13.33.36.23,14.34.95.93,40,42753
1578326400992,18.45.41.32,13.52.63.48,57,42779
1578326400993,13.43.97.82,19.40.41.31,123,1500
1578326400993,17.78.86.100,14.44.60.87,115,71015
1578326400995,12.49.35.70,17.106.45.57,96,1115
1578326400995,14.42.96.65,19.25.37.44,114,59945
1578326401001,12.35.104.25,12.36.96.50,105,71465
1578326401001,12.53.121.87,13.57.99.96,26,841
1578326401002,14.57.40.79,19.105.21.86,52,92177
1578326401003,12.48.31.21,16.108.101.107,27,1015
1578326401003,13.42.23.98,16.88.45.72,115,81799
1578326401003,15.31.41.86,13.43.122.93,40,22811
1578326401003,15.32.77.117,14.36.81.42,102,7997
1578326401004,13.41.85.42,17.60.94.113,61,948
1578326401005,14.54.79.60,13.56.83.109,57,7702
1578326401006,16.60.53.21,13.44.59.52,22,1080
1578326401008,12.57.54.36,16.67.22.71,34,1082
1578326401014,13.46.43.95,14.53.76.24,77,730
1578326401014,14.56.41.105,15.52.59.111,90,42
1578326401016,17.102.102.29,13.42.93.32,115,46373
1578326401019,14.44.118.101,12.40.85.115,102,8225
1578326401020,16.107.85.124,12.54.75.122,81,38150
1578326401020,18.58.39.85,14.48.75.21,124,42
1578326401021,14.31.109.115,17.50.35.118,112,42
1578326401022,14.56.36.48,16.59.101.79,117,1500
1578326401023,19.57.92.109,13.53.114.117,55,91134
1578326401024,14.34.58.53,15.102.73.122,56,37486
1578326401025,14.33.95.95,15.40.45.110,37,27405
1578326401026,14.55.81.95,16.102.105.115,34,1178
1578326401029,15.82.117.76,14.38.88.49,55,8588
1578326401030,13.45.41.39,18.99.62.34,27,867
1578326401030,13.50.121.25,19.28.63.91,89,5720
1578326401030,17.25.43.61,14.52.98.41,115,10399
1578326401032,13.54.100.37,18.56.45.110,37,32925
1578326401032,16.39.26.35,13.56.88.30,105,51576
1578326401033,13.44.83.23,14.35.89.36,56,102721
1578326401034,17.95.116.90,13.36.84.87,96,991
1578326401035,19.49.48.30,14.40.87.88,75,49324
1578326401040,19.60.126.22,14.49.44.92,118,81288
1578326401042,14.34.49.116,19.27.58.24,81,6714
1578326401046,12.37.30.79,16.16.86.47,74,6607
1578326401050,13.39.46.94,19.66.41.22,65,7197
1578326401050,14.56.112.124,17.75.84.73,44,18085
1578326401051,14.53.110.57,17.53.80.81,118,2719
1578326401052,14.35.89.36,18.113.84.120,94,1254
1578326401052,19.40.29.110,14.40.73.88,68,1136
1578326401053,13.57.104.105,19.15.94.41,42,1337
1578326401054,12.50.120.21,19.66.39.38,112,42
1578326401059,18.29.61.58,13.59.42.124,65,20732
1578326401061,13.44.97.57,12.30.96.87,55,2701
1578326401062,12.42.63.40,16.47.73.106,39,3019
1578326401064,12.45.107.48,17.96.113.116,23,909
1578326401064,14.44.58.83,18.18.105.97,102,97270
1578326401065,17.44.114.76,13.56.83.109,92,8762
1578326401068,12.32.21.54,15.40.121.51,37,29012
1578326401070,17.79.28.73,13.33.94.98,89,7172
1578326401076,16.120.48.114,14.34.36.117,119,5646
1578326401078,13.55.22.67,13.34.125.76,68,1058
1578326401079,16.91.81.94,13.41.114.96,75,45098
1578326401081,14.51.62.54,12.54.100.46,92,85277
1578326401082,14.41.43.94,14.56.56.43,92,31911
1578326401083,14.32.111.33,19.42.50.32,56,38323
1578326401083,14.48.91.46,18.91.26.62,37,7843
1578326401083,16.120.26.55,14.44.118.101,39,87023
1578326401084,14.32.69.91,18.56.45.110,77,1128
1578326401084,19.109.32.90,12.33.36.105,52,9433
1578326401087,15.61.105.29,14.40.64.30,89,36842
1578326401089,17.70.118.30,14.59.55.31,75,52672
1578326401090,16.41.58.44,12.54.31.69,119,11661
1578326401091,12.41.62.22,16.30.76.45,119,8850
1578326401091,17.60.61.125,14.52.45.116,119,8097
1578326401092,19.36.45.65,13.36.37.53,81,7254
1578326401093,14.58.48.56,14.42.96.65,92,26140
1578326401095,13.40.30.60,18.23.44.78,50,948
1578326401095,16.45.118.73,12.37.30.79,118,58881
1578326401097,13.37.51.62,17.94.85.126,27,888
1578326401098,14.59.56.113,18.52.59.36,80,1003
1578326401098,17.125.28.86,14.58.82.87,37,25079
1578326401101,12.58.113.64,13.59.126.38,40,36012
1578326401101,16.52.108.114,12.39.122.101,121,850
1578326401102,13.35.63.115,15.42.76.63,106,255
1578326401102,13.44.46.72,17.68.87.91,89,81111
1578326401102,17.61.119.66,13.40.93.60,44,74659
1578326401104,16.116.38.32,14.34.32.76,105,70840
1578326401104,18.29.61.58,12.48.23.97,77,835
1578326401107,13.45.73.89,16.90.66.87,92,71067
1578326401109,18.61.77.81,13.54.95.109,29,30762
1578326401111,14.30.29.30,19.79.54.47,65,31287
1578326401111,16.118.81.98,12.37.36.104,56,28666
1578326401111,18.18.76.27,12.30.107.71,114,5568
1578326401112,13.55.84.103,18.29.60.84,27,1094
1578326401114,13.34.68.110,13.57.122.124,74,59828
1578326401114,13.52.97.88,14.41.54.105,39,22669
1578326401114,14.41.99.120,13.36.70.78,37,46420
1578326401114,18.59.29.82,12.35.74.108,44,6007
1578326401119,12.51.86.39,17.22.99.67,26,1083
1578326401121,19.25.85.100,14.37.42.65,55,4884
1578326401122,12.32.116.57,15.58.101.50,89,64819
1578326401122,14.57.111.109,19.50.43.85,123,1500
1578326401123,14.53.110.57,16.18.59.121,82,788
1578326401123,14.54.110.71,16.82.82.123,22,1021
1578326401130,18.100.98.68,13.55.106.65,40,2860
1578326401131,15.75.118.68,14.45.46.52,92,19102
1578326401132,13.39.69.54,16.123.110.44,90,42
1578326401132,14.36.54.26,18.79.94.27,82,704
1578326401135,12.38.62.37,17.21.92.26,52,66474
1578326401135,14.52.45.116,19.35.48.43,39,4121
1578326401135,15.67.111.94,13.54.33.83,52,5638
1578326401139,13.52.113.117,17.45.71.90,82,873
1578326401145,17.84.78.65,13.52.113.117,81,5536
1578326401148,12.32.39.46,14.43.75.44,44,95719
1578326401151,17.88.112.109,13.45.73.89,44,34258
1578326401152,17.71.38.98,14.54.106.67,115,9887
1578326401152,19.73.45.119,12.45.84.63,74,120884
1578326401154,16.23.92.80,14.50.120.112,52,21115
1578326401154,17.27.125.122,13.39.45.30,40,8550
1578326401154,18.40.36.79,12.54.40.45,26,1094
1578326401155,16.25.115.50,13.55.70.74,37,5120
1578326401156,13.31.71.38,13.31.27.25,39,18485
1578326401156,16.114.87.105,13.45.60.33,92,9844
1578326401157,19.70.32.52,14.50.24.88,119,4377
1578326401158,17.114.46.84,12.52.51.83,29,66709
1578326401159,15.98.101.107,13.30.99.102,118,84200
1578326401160,16.31.94.60,13.52.107.100,89,3662
1578326401161,14.36.81.42,15.57.105.79,114,6014
1578326401162,13.57.45.65,16.114.78.39,106,255
1578326401162,18.118.98.62,14.59.55.31,89,19824
1578326401162,19.15.22.69,12.54.100.46,55,6144
1578326401165,13.31.71.38,17.94.99.53,114,62491
1578326401168,13.36.100.60,13.55.120.121,121,1176
1578326401168,14.41.120.107,12.58.28.122,40,7709
1578326401168,17.101.116.42,14.36.57.67,79,944
1578326401169,14.57.83.36,16.82.103.112,115,206
1578326401173,14.40.89.31,15.99.91.90,44,4781
1578326401177,15.68.58.52,14.51.27.103,40,25400
1578326401178,14.32.69.91,13.56.75.126,75,8681
1578326401179,14.47.66.87,15.123.87.68,105,28710
1578326401183,13.59.126.38,17.54.44.37,34,908
1578326401183,14.30.114.109,12.48.23.97,25,42
1578326401184,12.33.27.37,18.112.56.55,82,1119
1578326401186,13.53.54.100,17.30.39.108,92,30377
1578326401186,19.87.41.50,12.32.61.27,89,55154
1578326401188,13.50.99.28,14.53.25.96,44,38002
1578326401188,14.51.93.93,13.57.94.56,89,5115
1578326401189,17.59.86.83,14.36.47.58,81,6808
1578326401190,18.40.95.77,14.51.68.82,29,7748
1578326401190,19.51.124.57,14.57.40.79,55,44971
1578326401191,14.50.94.64,15.58.25.78,75,67590
1578326401193,12.41.56.57,16.21.40.86,25,42
1578326401194,15.22.31.65,14.55.63.97,52,50622
1578326401195,19.51.123.110,14.46.22.96,23,1002
1578326401196,14.30.29.30,13.50.121.25,82,899
1578326401197,17.67.99.22,12.58.71.124,75,7710
1578326401198,16.91.54.72,13.46.66.86,102,2727
1578326401204,14.40.109.88,18.115.122.73,80,929
1578326401205,12.56.32.111,13.30.30.117,75,47911
1578326401205,17.27.73.38,12.48.29.49,55,31376
1578326401205,18.37.49.104,13.36.115.51,39,66375
1578326401207,12.40.85.115,17.94.82.88,44,61323
1578326401207,13.43.125.31,17.68.41.48,42,1337
1578326401207,14.32.43.42,14.39.124.47,123,1500
1578326401209,15.85.43.42,12.56.91.40,92,33571
1578326401210,14.37.108.54,17.26.82.46,68,923
1578326401210,15.31.119.69,14.43.41.21,40,3437
1578326401210,17.16.103.110,14.57.60.122,52,58629
1578326401212,12.31.122.30,12.35.90.38,119,95530
1578326401212,13.59.61.69,18.36.61.94,22,947
1578326401213,14.39.53.59,13.53.45.110,37,10358
1578326401213,14.47.74.88,14.48.85.66,118,5716
1578326401214,13.43.77.101,18.30.63.88,79,689
1578326401215,16.116.68.74,13.44.45.77,89,5389
1578326401217,12.59.52.59,14.36.47.58,40,21517
1578326401217,15.51.60.102,13.34.23.71,119,60692
1578326401218,13.40.73.100,13.57.106.78,119,23377
1578326401218,17.99.92.62,14.37.108.21,56,9524
1578326401221,17.65.69.39,14.48.85.66,55,4947
1578326401222,14.57.40.79,19.55.31.32,112,42
1578326401222,18.45.41.32,14.59.55.31,118,5052
1578326401223,15.18.114.114,13.44.59.52,55,74095
1578326401223,18.104.28.77,13.54.95.109,55,6397
1578326401224,13.36.37.53,19.58.26.36,29,6594
1578326401224,16.30.111.90,13.40.26.24,56,46851
1578326401224,17.62.28.122,12.55.123.98,115,64726
1578326401224,18.114.45.50,14.54.33.79,55,98307
1578326401226,14.54.55.74,19.69.48.27,57,39797
1578326401230,13.54.121.53,13.36.102.77,44,38223
1578326401230,15.46.31.27,14.51.102.94,79,915
1578326401230,18.115.122.73,12.34.84.99,102,77504
1578326401231,14.33.97.28,13.30.30.117,79,975
1578326401231,17.32.95.102,13.55.75.103,81,47314
1578326401232,15.102.84.94,12.51.121.102,119,31988
1578326401233,16.35.88.114,14.47.86.67,52,39572
1578326401235,17.20.109.122,14.51.93.93,119,62794
1578326401237,13.38.122.21,15.94.101.22,40,51880
1578326401238,13.42.95.75,18.82.94.113,90,42
1578326401239,12.45.30.70,18.59.25.98,105,40811
1578326401239,13.50.47.83,19.83.70.105,92,3875
1578326401240,19.53.96.52,12.56.101.50,114,62831
1578326401243,16.38.76.55,12.40.125.99,102,41549
1578326401244,18.116.21.58,14.34.85.126,81,82943
1578326401244,19.83.115.51,12.48.86.52,39,12310
1578326401246,13.37.85.29,17.65.121.126,42,1337
1578326401246,16.80.74.120,14.34.58.53,114,9191
1578326401247,12.42.47.33,17.110.26.74,27,971
1578326401248,16.75.94.99,14.47.53.31,102,33500
1578326401248,17.24.76.71,14.45.87.35,39,64040
1578326401252,18.90.56.27,12.37.98.53,102,15850
1578326401253,15.48.118.81,12.48.65.39,29,6072
1578326401255,12.37.37.23,19.41.83.79,65,6297
1578326401256,12.32.50.74,19.113.55.57,74,5488
1578326401262,12.39.94.104,15.65.59.82,29,4537
1578326401264,14.51.78.71,19.66.114.126,56,26907
1578326401265,14.42.45.48,19.87.111.40,119,27204
1578326401265,15.93.114.93,14.31.85.102,74,9059
1578326401267,12.40.34.33,17.88.23.115,77,1091
1578326401268,12.42.54.121,14.54.55.74,56,6433
1578326401271,17.119.70.33,13.41.125.93,56,36408
1578326401274,14.58.56.75,13.40.30.60,37,5303
1578326401277,17.51.79.79,13.49.53.64,39,50307
1578326401278,12.56.121.47,15.103.98.123,37,47560
1578326401279,16.52.53.67,14.40.42.53,81,18845
1578326401281,12.51.121.102,18.71.58.95,68,730
1578326401284,16.43.54.106,14.41.72.71,55,16885
1578326401287,17.61.88.51,14.31.123.56,81,7756
1578326401288,19.116.37.108,14.32.82.112,102,55791
1578326401295,12.56.91.40,19.111.35.108,115,39919
1578326401297,13.33.34.81,15.79.59.80,25,42
1578326401297,14.31.79.69,13.47.86.88,72,1300
1578326401298,14.39.78.114,17.87.22.87,34,876
1578326401299,16.109.71.113,12.45.94.34,52,58004
1578326401301,12.48.46.43,15.112.35.42,50,1256
1578326401303,12.54.31.69,19.20.116.90,90,42
1578326401304,13.40.61.50,19.81.28.55,105,82767
1578326401309,14.40.42.53,13.34.68.110,102,70604
1578326401310,15.95.123.32,14.47.74.41,75,6386
1578326401311,13.37.55.112,17.39.83.57,121,594
1578326401311,14.40.109.88,13.45.122.120,56,10063
1578326401313,13.39.45.30,13.46.66.86,123,1500
1578326401313,13.42.80.122,16.64.75.35,50,1153
1578326401313,17.55.126.55,13.54.111.51,39,17572
1578326401315,15.34.21.61,12.56.47.110,75,44857
1578326401317,17.122.107.95,14.36.57.67,55,76351
1578326401319,14.46.56.95,14.32.47.109,80,1152
1578326401319,17.120.48.32,12.45.44.35,40,4593
1578326401321,15.45.39.121,13.45.64.76,39,22873
1578326401322,12.37.98.53,19.66.114.126,106,255
1578326401322,13.59.117.81,12.54.100.46,96,1192
1578326401322,16.109.115.81,13.40.91.79,23,986
1578326401323,14.38.118.80,19.94.121.69,25,42
1578326401326,19.122.22.66,13.33.107.59,65,9014
1578326401328,13.43.122.64,18.20.107.40,89,7086
1578326401329,13.30.30.117,16.119.66.103,27,842
1578326401330,12.47.85.113,12.50.120.21,92,6846
1578326401335,13.39.45.30,15.79.92.126,77,995
1578326401338,14.47.23.103,14.55.60.84,74,71587
1578326401338,15.90.56.78,13.36.100.60,29,5627
1578326401340,13.33.35.61,19.66.121.114,82,903
1578326401340,14.30.29.30,19.126.86.29,68,865
1578326401340,17.87.112.41,14.55.62.96,80,1011
1578326401341,14.57.111.109,19.61.57.67,50,1198
1578326401342,14.53.76.64,14.35.72.110,94,945
1578326401342,16.20.78.76,12.32.108.78,75,46362
1578326401342,17.37.119.91,14.30.122.102,119,6053
1578326401348,19.112.60.63,13.46.35.35,65,36950
1578326401351,16.121.94.97,13.46.43.95,89,63576
1578326401356,14.53.122.55,19.121.126.93,114,55958
1578326401362,14.56.48.77,14.49.55.105,121,1113
1578326401362,16.121.101.89,13.41.114.96,39,55816
1578326401363,14.36.125.87,13.52.63.48,68,1104
1578326401364,13.53.71.29,12.47.55.34,56,74797
1578326401364,19.66.100.74,13.34.26.48,29,88510
1578326401366,17.113.86.105,12.54.40.45,92,22615
1578326401368,12.45.107.48,15.78.79.68,72,836
1578326401368,13.56.87.122,13.41.43.83,115,9302
1578326401368,14.38.62.31,17.103.83.32,23,982
1578326401368,19.122.22.66,12.44.117.123,92,7711
1578326401369,12.35.104.79,15.61.86.62,106,255
1578326401369,12.47.34.60,17.53.79.124,27,870
1578326401369,13.39.108.21,12.55.121.36,56,25169
1578326401372,13.39.109.110,15.91.91.116,44,17471
1578326401373,12.46.104.126,17.97.31.53,115,19992
1578326401374,13.53.54.100,13.30.30.117,77,1055
1578326401375,12.56.121.47,13.57.121.24,105,52823
1578326401375,15.107.114.44,13.46.103.23,50,1095
1578326401380,12.52.42.77,18.98.39.124,102,25733
1578326401381,15.74.41.119,12.45.94.34,92,7460
1578326401381,17.77.39.54,13.43.77.101,81,18515
1578326401383,18.40.51.88,14.40.57.72,74,6275
1578326401384,13.31.27.25,19.19.103.113,22,929
1578326401387,12.43.59.49,13.47.63.29,56,41757
1578326401390,18.119.67.87,13.43.22.89,75,38311
1578326401393,17.66.29.79,14.45.84.88,77,1112
1578326401393,18.18.81.23,12.59.60.22,65,18319
1578326401394,18.30.101.98,13.41.106.119,34,1181
1578326401394,19.92.62.102,12.40.116.37,37,5073
1578326401395,13.37.120.107,18.71.119.35,25,42
1578326401395,14.57.50.29,16.60.114.90,61,1016
1578326401404,13.55.70.74,18.87.100.28,112,42
1578326401404,13.59.78.58,18.56.96.43,112,42
1578326401408,13.43.68.86,15.44.77.78,68,995
1578326401411,12.48.81.33,18.111.82.103,112,42
1578326401412,14.38.52.60,13.37.44.102,74,16166
1578326401413,12.32.39.46,16.102.27.56,50,1241
1578326401414,13.30.109.115,14.31.79.69,57,3757
1578326401415,13.36.84.87,19.62.89.33,37,23227
1578326401416,17.53.126.116,14.42.114.111,34,1119
1578326401418,17.64.21.125,13.39.45.30,114,82510
1578326401421,14.42.45.48,16.24.64.45,121,1153
1578326401421,14.44.60.87,15.23.118.21,102,32273
1578326401423,13.56.88.30,14.50.52.112,119,45821
1578326401424,18.104.28.77,14.57.94.110,105,25123
1578326401425,13.45.73.89,14.32.43.42,52,67725
1578326401430,13.52.63.48,19.98.48.78,29,43375
1578326401431,14.30.109.32,16.65.109.34,123,1500
1578326401432,13.31.71.38,13.55.120.121,92,133620
1578326401435,13.36.60.48,19.85.122.70,123,1500
1578326401436,14.51.68.82,14.47.53.31,92,54401
1578326401436,14.53.122.25,18.111.74.56,80,945
1578326401437,13.34.125.76,18.77.31.29,102,35123
1578326401437,17.71.73.72,14.41.96.38,92,77852
1578326401439,12.53.41.28,14.47.51.82,72,889
1578326401442,17.15.112.30,13.48.72.30,52,113949
1578326401442,18.63.26.47,13.52.64.117,94,888
1578326401444,16.101.62.84,12.50.59.110,115,6267
1578326401444,18.63.49.126,13.56.83.109,82,1184
1578326401446,12.32.21.54,19.107.110.43,82,927
1578326401448,14.47.51.82,18.28.81.85,23,1160
1578326401448,15.45.122.93,13.38.107.31,115,30556
1578326401452,13.58.101.119,13.31.27.25,23,1072
1578326401454,15.96.52.35,13.30.72.123,29,30040
1578326401457,14.47.51.82,19.94.114.111,124,42
1578326401458,14.43.82.36,15.65.53.72,117,1500
1578326401460,12.46.91.98,18.68.124.94,26,1059
1578326401460,14.34.49.116,19.41.88.48,34,773
1578326401461,13.36.84.87,18.122.28.107,115,63561
1578326401464,17.97.91.112,14.31.113.107,23,959
1578326401471,17.29.91.92,12.56.80.111,65,70801
1578326401473,17.74.41.85,13.33.34.81,89,54301
1578326401476,14.31.33.86,13.57.106.78,65,3860
1578326401477,18.23.74.40,14.50.21.87,40,18512
1578326401478,14.36.94.23,12.40.102.61,89,54422
1578326401488,13.44.63.106,19.87.21.75,72,1016
1578326401488,14.57.81.48,16.82.69.55,34,849
1578326401490,12.42.62.114,13.47.86.88,25,42
1578326401491,13.44.73.37,16.36.30.31,72,741
1578326401491,14.36.57.67,12.42.63.40,74,10529
1578326401491,19.35.86.34,14.43.82.36,39,84817
1578326401492,12.57.27.117,15.30.126.126,74,32798
1578326401492,14.49.82.31,19.76.33.31,22,1296
1578326401492,15.68.112.46,14.47.53.31,44,22987
1578326401493,14.48.101.125,12.45.96.91,79,1333
1578326401493,19.30.77.125,13.58.72.67,119,63970
1578326401495,13.30.101.52,15.26.69.70,22,1007
1578326401495,14.57.83.36,16.43.56.43,34,1207
1578326401497,12.58.54.120,15.67.105.33,92,2822
1578326401497,19.71.109.76,13.54.111.51,27,1038
1578326401498,13.38.43.78,19.95.99.75,124,42
1578326401499,13.56.103.125,16.80.74.120,22,938
1578326401501,14.58.28.69,17.67.88.46,74,6079
1578326401501,18.108.123.23,13.55.84.103,44,7103
1578326401501,18.108.48.38,12.50.115.96,118,7262
1578326401501,18.124.65.126,13.55.70.74,115,35823
1578326401507,16.22.95.80,12.45.107.48,23,894
1578326401507,18.57.34.126,13.45.102.60,39,60989
1578326401508,16.87.90.106,13.57.106.78,102,2003
1578326401509,12.55.77.96,18.50.28.65,118,33060
1578326401509,13.46.80.34,17.93.23.25,68,937
1578326401509,14.30.99.114,16.32.84.56,56,17528
1578326401509,15.31.41.86,12.42.34.100,40,6634
1578326401510,12.38.28.117,15.75.44.46,119,104227
1578326401514,12.46.104.87,14.47.99.100,74,38471
1578326401517,14.38.52.60,18.98.78.62,74,29146
1578326401519,13.57.106.78,18.80.66.104,68,845
1578326401519,19.51.68.121,14.38.88.49,44,2645
1578326401520,13.55.87.104,14.45.53.69,94,932
1578326401524,13.56.103.125,19.77.83.26,75,52319
1578326401528,16.48.80.84,13.54.100.37,81,24299
1578326401531,14.40.57.72,12.56.47.110,114,5289
1578326401539,12.51.116.108,16.117.105.73,37,18842
1578326401539,18.61.95.27,13.44.25.107,96,958
1578326401541,14.54.106.67,16.99.48.71,39,31923
1578326401541,16.19.70.50,13.58.102.81,89,53967
1578326401541,19.93.117.80,13.53.71.29,65,77012
1578326401543,12.45.30.70,19.23.46.39,27,787
1578326401545,13.53.79.40,17.63.64.66,22,839
1578326401548,19.115.120.94,14.41.99.120,29,10311
1578326401552,19.18.79.79,13.37.44.102,102,51896
1578326401554,13.45.73.89,18.71.119.35,27,1031
1578326401554,14.47.123.109,15.50.92.71,57,72718
1578326401554,18.84.28.45,13.56.83.61,89,34445
1578326401556,14.34.65.37,19.123.65.83,74,48925
1578326401561,17.50.86.47,13.58.83.123,118,4296
1578326401562,14.32.71.23,14.41.96.38,94,898
1578326401562,14.59.29.115,16.85.43.102,72,855
1578326401563,12.49.35.59,19.25.37.44,42,1337
1578326401563,14.33.32.62,14.44.118.101,74,75802
1578326401563,15.121.97.31,14.49.82.31,114,61584
1578326401565,12.35.77.125,18.40.74.123,124,42
1578326401567,13.42.95.75,17.80.45.44,68,867
1578326401567,13.55.75.103,13.30.42.102,39,8173
1578326401567,18.92.78.101,14.37.29.56,29,5612
1578326401569,13.52.113.117,18.60.105.83,89,49499
1578326401569,16.75.24.116,12.52.38.58,115,108017
1578326401570,17.24.81.26,14.57.74.112,119,12825
1578326401573,12.39.113.76,19.61.88.30,74,31289
1578326401581,13.59.54.25,13.34.125.76,82,815
1578326401582,14.51.102.94,19.41.102.56,52,45901
1578326401583,13.40.81.60,17.52.122.83,105,29334
1578326401584,19.89.38.68,12.34.44.43,118,52208
1578326401585,19.44.36.86,13.40.66.92,119,76103
1578326401586,16.76.123.113,14.34.83.70,40,85758
1578326401588,13.43.122.64,19.68.57.47,77,1114
1578326401590,17.95.58.27,12.43.57.22,89,17534
1578326401591,12.36.36.112,15.79.59.80,27,1192
1578326401591,13.32.89.80,14.31.124.90,94,1033
1578326401592,17.120.90.39,12.48.46.43,74,83631
1578326401594,16.68.57.102,12.54.35.59,39,86049
1578326401595,14.38.52.60,16.121.75.34,55,41770
1578326401596,13.46.43.95,12.54.75.122,74,61117
1578326401599,13.35.25.30,18.38.42.36,77,1001
1578326401599,13.57.102.27,16.22.121.27,22,930
1578326401600,14.54.110.71,15.69.31.97,77,837
1578326401602,14.38.125.98,12.54.75.122,61,852
1578326401602,17.61.119.66,12.33.26.87,55,62135
1578326401604,16.22.121.27,13.55.84.103,65,33763
1578326401605,12.30.51.81,12.55.121.36,39,62105
1578326401606,18.38.42.28,14.49.87.40,52,3595
1578326401610,12.48.85.62,17.64.30.92,37,29320
1578326401610,12.53.39.51,17.48.99.45,26,1040
1578326401611,18.35.22.125,13.35.25.30,37,29473
1578326401613,17.31.69.102,14.36.54.26,81,43513
1578326401615,12.50.105.24,14.39.78.114,26,778
1578326401615,12.55.121.36,13.57.99.96,50,780
1578326401617,12.41.46.114,17.18.44.23,23,1017
1578326401617,19.124.80.40,14.54.110.71,65,4331
1578326401618,12.48.46.43,12.31.121.103,25,42
1578326401619,12.54.100.46,18.90.95.69,114,56094
1578326401620,12.48.58.57,16.66.38.93,114,9955
1578326401620,14.50.52.112,17.122.22.79,92,8739
1578326401620,17.63.64.66,14.30.29.98,56,84738
1578326401621,15.96.96.38,14.36.39.68,115,58865
1578326401623,15.97.85.98,13.51.29.96,74,27287
1578326401623,19.54.87.32,14.30.94.57,42,1337
1578326401626,18.80.24.38,14.49.44.92,57,39097
1578326401627,12.44.90.114,15.20.86.89,22,1093
1578326401630,12.40.51.43,15.41.92.65,61,943
1578326401630,14.32.100.72,19.17.115.82,25,42
1578326401630,14.52.113.99,16.47.89.82,80,1189
1578326401630,16.52.57.100,14.41.120.94,102,6186
1578326401631,12.54.109.97,13.34.26.48,68,945
1578326401633,12.37.52.89,14.56.56.43,90,42
1578326401637,17.43.114.65,14.51.85.92,81,4919
1578326401639,12.52.51.83,17.112.30.48,34,1121
1578326401640,12.58.122.56,12.35.72.64,82,667
1578326401640,18.117.101.96,12.47.55.34,89,53916
1578326401645,18.95.49.102,14.31.113.107,55,19010
1578326401648,12.43.33.108,13.31.27.25,57,9400
1578326401650,13.35.46.123,18.28.113.71,37,84849
1578326401651,16.108.34.65,13.36.70.78,74,21729
1578326401651,16.48.23.110,13.47.39.75,25,42
1578326401653,13.30.109.115,15.102.24.55,22,818
1578326401655,15.109.28.112,12.48.85.62,65,60374
1578326401655,15.122.52.107,12.53.109.71,92,48097
1578326401656,17.33.39.23,13.58.68.98,96,1013
1578326401656,17.51.61.60,13.50.99.28,37,6505
1578326401656,19.110.78.66,12.55.75.105,105,45897
1578326401657,15.68.68.73,12.32.116.57,55,76923
1578326401658,12.32.64.49,12.47.55.34,114,12156
1578326401659,18.112.101.22,12.54.31.69,56,6826
1578326401660,12.42.90.62,12.56.121.47,65,8193
1578326401661,13.33.94.98,14.55.60.84,55,6583
1578326401662,15.90.56.78,14.42.45.48,89,14142
1578326401663,12.33.27.37,12.47.47.34,22,1086
1578326401664,17.97.103.40,14.54.33.79,37,94951
1578326401665,14.59.56.113,16.126.37.113,82,1017
1578326401665,16.39.26.35,13.40.66.21,29,8083
1578326401667,17.78.111.117,12.43.83.43,89,51040
1578326401668,17.56.37.100,14.37.42.65,75,6808
1578326401669,12.37.36.110,17.52.83.62,55,49865
1578326401669,16.96.63.95,14.50.120.112,56,9649
1578326401672,14.34.83.70,12.46.107.121,40,8505
1578326401674,17.50.34.49,14.57.83.36,102,56711
1578326401675,19.102.36.64,14.55.63.94,75,5799
1578326401676,12.44.73.26,12.45.25.43,92,6081
1578326401682,12.45.84.63,16.94.74.46,39,3422
1578326401683,14.50.123.50,16.108.94.125,34,1053
1578326401683,18.92.117.42,13.32.69.80,102,6841
1578326401684,13.30.72.123,16.104.102.45,92,7870
1578326401685,12.48.85.62,18.125.27.73,61,1254
1578326401687,16.116.125.102,14.47.38.54,29,9892
1578326401687,19.118.96.47,14.48.91.46,92,6670
1578326401688,13.50.113.77,17.102.52.85,92,45524
1578326401688,17.122.34.97,12.51.27.88,81,6853
1578326401689,16.120.48.114,13.34.27.126,102,6920
1578326401689,18.52.64.52,12.30.105.68,105,18284
1578326401690,13.31.25.32,19.53.60.51,82,922
1578326401693,12.46.91.98,18.53.83.94,115,10143
1578326401696,19.32.64.68,13.34.26.48,102,46424
1578326401698,12.32.108.78,13.41.85.42,68,956
1578326401699,14.36.74.64,18.65.76.93,114,3235
1578326401700,16.66.42.54,14.57.111.109,92,8735
1578326401700,17.56.103.56,13.46.103.23,44,62325
1578326401701,14.37.29.56,13.38.122.21,117,1500
1578326401702,13.40.73.100,13.53.45.110,119,16631
1578326401703,14.38.88.49,15.75.39.111,90,42
1578326401704,16.119.22.71,12.52.55.115,119,85812
1578326401707,13.59.90.24,15.104.85.35,50,1208
1578326401708,12.42.45.37,16.23.75.101,82,927
1578326401711,17.59.106.88,14.55.63.97,102,7814
1578326401716,12.45.94.34,19.66.103.96,26,1149
1578326401717,12.33.73.55,14.47.89.22,68,941
1578326401718,16.104.90.77,12.39.51.94,37,39309
1578326401718,19.80.73.87,13.49.21.69,29,56848
1578326401725,17.33.54.94,14.40.42.53,102,17719
1578326401726,12.30.105.68,12.50.105.24,89,9599
1578326401728,16.118.63.94,12.54.100.46,40,6588
1578326401732,19.29.45.73,14.43.41.99,81,33676
1578326401734,14.45.58.53,17.47.81.106,68,764
1578326401735,13.59.78.58,17.33.82.36,114,41686
1578326401736,17.38.58.22,12.48.86.52,52,7707
1578326401741,14.34.36.117,18.89.44.64,39,53313
1578326401743,12.55.46.94,16.31.58.69,81,37159
1578326401744,13.42.104.86,14.47.99.100,89,25699
1578326401744,16.73.56.55,13.40.26.24,90,42
1578326401745,12.50.55.35,17.78.57.73,44,58458
1578326401748,13.50.47.83,15.124.120.80,42,1337
1578326401748,14.38.116.25,19.38.26.49,44,42728
1578326401749,13.34.24.28,14.56.56.43,92,5874
1578326401750,15.37.59.87,13.31.71.38,57,30883
1578326401752,16.117.41.68,14.45.106.103,44,49623
1578326401754,18.45.122.75,14.57.93.53,115,7510
1578326401755,19.24.97.62,12.43.66.120,52,41517
1578326401757,13.55.84.103,12.37.117.51,29,55660
1578326401757,14.32.82.112,17.27.98.84,112,42
1578326401761,18.50.60.33,13.31.27.25,56,7277
1578326401762,12.49.35.59,12.47.55.34,40,87872
1578326401763,16.24.101.41,12.56.32.111,55,53197
1578326401764,18.35.96.51,13.59.117.81,92,41769
1578326401765,18.45.122.75,13.57.121.24,61,1064
1578326401767,14.57.83.36,19.52.40.80,117,1500
1578326401768,14.52.93.81,13.56.88.30,75,6452
1578326401768,16.67.22.35,13.38.47.29,23,1070
1578326401768,17.50.105.65,12.48.58.57,37,51168
1578326401769,17.116.95.32,13.55.120.121,105,33963
1578326401771,19.26.54.47,14.30.40.71,81,8123
1578326401773,17.95.46.123,13.46.84.103,56,55725
1578326401774,13.36.84.87,18.49.56.23,102,5219
1578326401774,18.25.120.90,13.58.29.31,52,11234
1578326401775,12.43.119.25,12.54.31.69,34,907
1578326401775,16.56.74.117,13.35.104.115,55,9835
1578326401776,17.61.88.51,12.49.123.62,52,10285
1578326401782,12.50.59.110,16.82.21.126,61,1152
1578326401783,14.30.114.109,19.52.122.80,74,40362
1578326401789,19.78.67.88,14.38.118.80,55,17671
1578326401793,14.42.51.64,17.103.34.32,39,41720
1578326401795,16.125.102.104,12.53.121.87,37,27103
1578326401797,12.57.49.95,14.53.76.24,119,32041
1578326401797,14.51.77.26,17.49.81.85,52,2779
1578326401798,12.46.21.45,16.36.40.59,22,965
1578326401798,12.55.97.61,12.34.44.43,117,1500
1578326401798,18.30.56.120,13.55.120.121,52,8637
1578326401799,15.119.114.116,13.35.123.62,119,9974
1578326401800,12.35.75.102,18.54.64.58,77,735
1578326401800,18.43.54.30,12.50.78.71,92,6869
1578326401808,13.58.72.67,15.40.121.51,27,922
1578326401809,15.97.69.110,13.38.33.79,23,1116
1578326401813,16.104.71.50,13.30.72.123,114,6317
1578326401814,13.45.75.111,17.69.30.113,77,902
1578326401814,14.41.21.35,12.43.60.48,74,42284
1578326401814,16.115.99.31,14.40.116.80,75,6382
1578326401816,18.42.36.53,12.37.107.64,89,7050
1578326401820,15.108.81.71,14.47.117.54,115,4208
1578326401822,14.41.84.35,19.119.77.44,90,42
1578326401824,13.39.69.54,17.32.31.60,105,40453
1578326401824,15.84.89.77,14.39.78.114,92,1116
1578326401828,13.38.43.78,15.23.25.90,44,3855
1578326401828,17.69.37.109,13.35.63.115,114,70933
1578326401832,12.44.90.110,12.50.120.21,68,850
1578326401833,13.50.37.48,16.63.30.54,42,1337
1578326401834,18.21.98.103,13.43.68.86,75,8539
1578326401836,19.39.69.105,14.52.33.118,52,39814
1578326401838,12.45.94.34,15.70.67.56,29,19577
1578326401840,13.35.61.61,19.126.76.106,106,255
1578326401842,13.40.26.24,13.42.104.86,79,872
1578326401842,13.44.77.22,14.43.45.110,105,14319
1578326401847,12.50.120.21,15.60.101.91,57,3842
1578326401848,17.103.51.35,12.41.106.100,89,6305
1578326401851,13.54.58.105,16.30.112.33,119,15705
1578326401852,16.26.115.51,12.32.64.49,56,3656
1578326401855,13.41.114.96,15.95.123.32,75,70206
1578326401855,14.53.25.96,13.43.97.82,61,1301
1578326401855,19.111.42.122,14.49.87.40,39,80935
1578326401856,17.45.87.75,13.50.46.76,34,1178
1578326401860,14.57.83.36,12.43.33.108,75,7354
1578326401861,14.45.87.35,18.15.108.71,114,23492
1578326401861,15.37.100.88,12.50.78.71,56,7458
1578326401863,16.67.88.72,12.30.75.111,115,7768
1578326401864,13.34.24.28,12.42.34.100,72,1117
1578326401867,13.33.36.23,15.60.101.91,102,8793
1578326401867,19.68.23.114,12.43.33.108,57,1378
1578326401868,18.74.57.65,13.56.44.106,56,21492
1578326401869,17.26.80.47,14.41.31.49,75,11509
1578326401870,17.122.78.80,14.45.31.35,65,3862
1578326401871,13.31.45.53,14.35.72.110,119,4793
1578326401873,17.101.52.27,14.54.49.121,44,58560
1578326401875,12.34.84.99,15.75.44.46,65,8176
1578326401875,14.51.77.26,16.25.115.50,80,818
1578326401884,13.40.61.100,13.53.45.110,75,5665
1578326401887,17.70.114.106,14.53.108.62,81,1666
1578326401889,14.58.48.56,12.35.74.108,102,13088
1578326401892,16.74.81.94,12.56.32.72,118,51208
1578326401893,16.40.36.29,12.55.77.96,79,762
1578326401896,17.93.23.25,14.47.89.22,61,1134
1578326401896,18.47.24.121,13.48.86.114,118,1356
1578326401897,14.42.109.95,15.51.64.44,92,12612
1578326401899,17.40.52.46,12.39.94.104,118,43974
1578326401901,19.62.53.125,14.30.29.98,44,9712
1578326401902,18.43.54.30,13.58.68.98,114,7120
1578326401903,12.52.119.67,15.18.91.118,90,42
1578326401906,13.39.115.125,17.67.29.48,82,1203
1578326401906,14.54.42.56,12.54.35.59,115,10664
1578326401907,12.43.33.97,16.88.114.69,89,8144
1578326401907,12.53.42.33,18.86.118.123,68,914
1578326401908,16.124.47.31,12.35.59.94,40,8133
1578326401908,19.37.55.118,13.40.66.92,55,7006
1578326401908,19.68.123.89,14.52.110.32,44,68697
1578326401911,13.52.107.100,14.35.72.110,124,42
1578326401912,14.50.119.33,18.102.72.77,81,66271
1578326401917,12.47.121.70,17.35.116.29,115,33234
1578326401921,13.45.36.60,18.23.32.41,77,907
1578326401921,17.101.126.39,14.58.52.90,114,3339
1578326401922,16.107.95.71,13.53.54.100,57,3590
1578326401923,12.31.122.30,19.40.47.23,72,975
1578326401923,14.56.81.91,15.105.55.34,115,20369
1578326401926,15.59.118.104,13.55.75.103,55,22688
1578326401926,18.40.51.88,14.51.84.50,37,7149
1578326401927,12.47.71.67,15.51.31.90,40,5920
1578326401929,12.48.65.39,19.50.48.93,94,966
1578326401930,13.37.55.112,19.94.49.84,118,64401
1578326401935,18.113.36.34,13.44.45.77,92,3117
1578326401937,18.91.49.88,14.54.49.121,118,19952
1578326401945,12.30.96.87,16.85.96.86,72,1039
1578326401946,19.120.28.91,14.50.24.88,89,23341
1578326401947,16.36.110.88,12.58.80.43,119,5857
1578326401947,17.32.54.110,12.48.65.39,29,9413
1578326401947,17.88.32.106,14.55.63.94,39,46142
1578326401948,14.41.31.49,13.38.107.31,92,57211
1578326401948,14.53.110.57,16.114.34.83,81,7976
1578326401950,15.92.23.121,13.50.52.112,119,94063
1578326401951,14.33.97.28,12.50.120.21,118,28213
1578326401956,17.62.117.102,13.54.111.51,114,2904
1578326401958,12.31.51.71,17.23.83.70,50,833
1578326401961,15.30.38.59,14.33.95.95,102,45294
1578326401964,16.59.101.79,12.54.109.97,92,8175
1578326401965,18.36.106.53,13.49.84.124,81,4649
1578326401967,12.52.126.88,15.46.84.55,75,16783
1578326401967,18.120.74.52,13.43.125.31,81,72266
1578326401969,13.45.89.48,13.41.85.42,119,23856
1578326401969,16.63.40.74,12.35.72.64,89,6012
1578326401970,19.121.82.38,12.44.47.96,39,6394
1578326401976,12.49.48.29,15.23.59.78,27,991
1578326401976,17.17.35.43,12.42.30.44,102,34159
1578326401977,14.48.75.21,13.38.107.31,56,5456
1578326401978,19.20.104.49,12.58.76.101,25,42
1578326401979,19.102.59.79,12.49.35.70,105,9488
1578326401981,13.35.46.123,15.84.48.126,72,993
1578326401981,16.78.123.75,13.44.83.23,114,3856
1578326401982,13.42.73.79,16.55.89.105,23,835
1578326401983,15.75.101.50,14.42.84.94,39,5972
1578326401985,13.57.66.44,13.42.104.86,92,6806
1578326401985,19.44.125.82,13.35.66.43,29,25681
1578326401985,19.44.78.87,12.51.86.39,56,8694
1578326401987,13.46.64.102,16.120.82.119,102,5329
1578326401991,12.47.121.70,12.37.98.53,25,42
1578326401991,13.52.123.119,14.47.53.31,26,1102
1578326401991,16.119.120.110,13.33.125.73,102,26692
1578326401992,14.42.72.97,18.20.119.48,39,79049
1578326401992,19.34.97.74,12.33.28.63,40,32383
1578326401993,18.53.62.111,14.34.65.37,55,6887
1578326401994,14.42.117.23,18.106.94.62,34,1071
1578326401996,12.56.32.101,19.26.54.47,82,955
1578326401996,18.104.61.111,12.32.21.54,52,7326
1578326401997,12.45.104.32,18.55.113.78,80,1013
1578326401997,19.106.111.55,13.42.70.40,37,45017
1578326401997,19.65.117.53,14.54.33.79,44,7544
1578326402001,17.59.115.32,12.31.96.122,52,18232
1578326402003,19.111.43.119,13.45.21.97,118,52017
1578326402006,13.48.101.27,17.36.48.117,102,7638
1578326402008,13.42.70.40,16.95.125.40,44,89485
1578326402016,15.113.44.121,14.55.62.96,74,5488
1578326402017,17.82.87.89,12.54.59.43,118,79291
1578326402018,12.49.35.70,19.86.118.61,123,1500
1578326402020,16.85.43.102,14.40.87.88,119,41576
1578326402021,17.61.119.66,12.55.36.65,39,5932
1578326402022,14.57.88.123,17.100.123.76,77,738
1578326402025,14.45.58.53,14.47.74.88,92,89687
1578326402025,16.82.115.66,14.38.62.31,105,32568
1578326402025,19.101.117.68,12.44.90.110,37,20860
1578326402027,17.40.84.89,12.41.93.82,44,5703
1578326402028,14.38.81.41,14.41.99.120,102,36139
1578326402028,14.50.120.112,14.44.118.101,123,1500
1578326402029,12.44.49.82,17.78.77.126,102,43366
1578326402030,12.35.75.102,17.89.96.38,80,822
1578326402030,14.42.114.111,18.61.77.81,37,41038
1578326402030,15.26.75.121,14.41.120.94,44,8709
1578326402031,14.51.115.106,12.42.62.114,106,255
1578326402032,15.24.108.21,13.49.108.116,44,48192
1578326402032,18.48.118.45,12.47.103.86,65,2832
1578326402033,16.60.53.21,13.56.66.48,114,16615
1578326402034,19.69.21.77,12.31.37.100,118,6143
1578326402036,19.24.97.62,14.55.62.96,39,31815
1578326402038,13.56.88.30,13.41.118.120,117,1500
1578326402038,19.70.89.67,13.44.45.77,56,29309
1578326402039,16.33.107.64,13.37.36.94,72,906
1578326402041,13.40.73.100,18.59.61.77,117,1500
1578326402042,14.48.60.119,16.57.26.39,50,914
1578326402043,14.30.30.49,18.28.107.75,40,34621
1578326402046,18.53.94.119,13.33.24.50,37,34125
1578326402047,13.36.84.87,18.79.94.27,55,29402
1578326402047,13.45.102.60,12.55.64.120,52,6249
1578326402047,13.52.63.48,18.124.115.95,96,957
1578326402048,17.29.54.89,14.35.72.110,115,24391
1578326402050,12.48.48.60,15.41.56.37,96,953
1578326402050,18.38.40.116,12.44.117.123,75,19473
1578326402051,14.47.123.109,14.39.78.114,102,6712
1578326402055,15.103.68.28,13.58.102.81,75,35108
1578326402057,16.112.112.51,12.36.96.50,39,20764
1578326402058,13.57.76.27,18.36.64.112,106,255
1578326402059,12.55.48.68,12.45.96.91,106,255
1578326402059,18.106.29.37,13.30.55.77,22,1148
1578326402060,13.37.36.94,13.45.47.36,119,17842
1578326402061,17.60.61.125,14.50.43.121,114,29950
1578326402062,12.31.122.30,17.103.63.125,77,987
1578326402066,14.52.31.30,12.45.25.43,40,12389
1578326402066,17.64.70.47,13.51.98.115,81,56611
1578326402069,19.61.50.125,14.36.72.77,27,1021
1578326402071,13.50.37.48,19.71.84.51,23,961
1578326402071,14.53.110.57,16.87.52.105,56,61793
1578326402074,13.33.125.73,13.32.37.75,29,6914
1578326402075,12.50.59.110,19.111.95.53,55,87371
1578326402076,19.52.30.67,13.53.114.117,37,7823
1578326402078,12.55.75.105,13.56.75.126,72,934
1578326402078,17.73.59.62,14.51.27.103,37,5779
1578326402079,14.48.60.119,18.46.35.25,117,1500
1578326402079,16.36.40.59,12.44.49.80,75,87751
1578326402080,16.98.71.22,12.56.32.101,56,6602
1578326402082,15.108.81.71,12.45.25.43,56,31097
1578326402085,12.41.62.22,16.30.83.107,124,42
1578326402085,14.56.81.91,16.126.111.35,26,899
1578326402086,13.48.86.114,13.40.30.60,119,56516
1578326402087,14.51.75.107,14.51.85.92,118,41135
1578326402087,15.18.114.114,12.31.37.100,56,43552
1578326402088,14.55.62.96,15.78.62.43,75,8625
1578326402089,12.31.86.26,19.28.77.101,102,60512
1578326402089,16.78.122.62,12.48.42.74,29,6090
1578326402090,17.55.25.117,14.40.42.53,40,30335
1578326402091,15.49.90.120,13.35.123.62,105,19735
1578326402093,12.50.105.24,17.82.62.71,65,36686
1578326402097,13.58.68.98,18.58.81.72,44,84281
1578326402098,16.34.126.26,13.42.73.79,26,1025
1578326402102,13.46.43.95,18.30.51.103,42,1337
1578326402103,16.53.50.98,14.31.100.118,57,43974
1578326402103,19.85.110.114,12.34.48.37,92,14261
1578326402105,14.41.31.49,19.112.115.61,89,16900
1578326402107,14.41.42.76,12.40.85.115,56,5106
1578326402108,14.59.119.87,13.53.45.110,61,1089
1578326402108,17.77.39.54,12.57.94.76,57,39058
1578326402112,15.121.44.23,13.32.122.43,29,6713
1578326402112,19.87.111.40,12.56.80.111,89,113014
1578326402113,12.56.67.23,16.26.48.109,55,4576
1578326402113,17.35.110.70,13.52.31.63,102,40511
1578326402115,19.66.121.114,12.37.108.88,65,8794
1578326402116,19.65.50.91,13.54.121.75,102,35395
1578326402117,17.102.102.29,13.55.92.87,65,35316
1578326402118,12.47.34.60,18.58.60.126,29,1422
1578326402118,16.36.51.97,14.51.77.26,29,64636
1578326402118,16.87.67.66,13.40.35.74,44,64976
1578326402121,13.35.33.29,18.97.52.87,90,42
1578326402124,12.49.41.125,13.43.122.93,55,43270
1578326402127,18.122.122.125,12.32.64.49,39,4459
1578326402128,15.39.111.125,12.32.36.56,37,52397
1578326402129,14.41.77.105,19.27.58.24,57,7710
1578326402129,16.88.42.59,12.58.41.98,55,4145
1578326402131,14.34.34.69,13.39.93.73,40,6777
1578326402131,18.22.83.121,13.40.61.50,52,10031
1578326402133,16.94.29.112,13.45.36.60,37,87370
1578326402134,12.54.59.43,19.33.22.56,52,9902
1578326402134,14.44.60.87,19.89.42.65,37,24452
1578326402137,13.55.84.103,15.89.59.120,37,30487
1578326402137,14.57.73.31,17.72.93.122,72,1434
1578326402137,17.28.83.64,12.55.75.105,55,67818
1578326402137,18.89.49.89,14.51.62.112,89,67211
1578326402140,19.17.71.29,14.41.43.94,118,6839
1578326402141,12.48.46.43,12.40.85.115,105,32149
1578326402142,13.53.114.85,13.56.83.61,80,841
1578326402144,12.48.48.60,16.41.93.100,105,6439
1578326402144,19.18.79.79,12.50.115.96,22,863
1578326402149,19.19.76.60,12.31.69.21,75,6452
1578326402151,12.55.46.94,19.15.109.79,94,1282
1578326402151,18.96.93.68,12.45.84.63,74,20808
1578326402154,13.39.46.94,13.50.99.28,124,42
1578326402154,14.38.116.25,17.38.56.100,75,9779
1578326402155,14.49.89.121,16.104.99.41,56,657
1578326402155,15.27.98.86,14.30.32.122,56,3906
1578326402155,19.107.110.43,12.37.117.51,57,6973
1578326402156,12.53.30.67,18.102.84.119,22,992
1578326402158,12.52.55.115,12.56.101.50,61,761
1578326402160,15.125.71.40,13.34.74.75,65,65710
1578326402160,16.74.22.64,14.45.46.52,75,68743
1578326402161,17.53.69.44,13.33.36.23,81,4588
1578326402166,19.85.81.58,14.44.118.101,119,22032
1578326402168,16.88.42.59,13.42.66.93,44,60296
1578326402172,15.27.49.67,14.34.65.37,118,70599
1578326402175,12.32.36.56,16.51.31.81,119,58656
1578326402176,13.56.75.60,16.70.28.97,22,847
1578326402177,13.37.44.102,16.114.56.55,82,950
1578326402178,18.34.33.122,14.35.89.36,81,8224
1578326402179,12.57.102.37,16.78.29.109,37,62274
1578326402179,19.47.57.22,13.45.47.36,119,91112
1578326402183,18.88.65.39,12.58.125.96,92,53774
1578326402184,14.40.109.88,15.30.126.126,89,23825
1578326402185,13.57.76.27,15.77.101.117,22,932
1578326402187,17.113.47.126,13.49.98.117,39,9141
1578326402188,12.35.75.102,15.24.49.31,92,6684
1578326402188,16.35.74.98,14.43.41.99,74,72481
1578326402191,19.107.113.108,12.47.85.113,50,983
1578326402194,15.74.67.54,12.36.36.112,55,6507
1578326402198,16.107.120.114,13.49.84.124,65,8982
1578326402202,13.32.89.80,19.113.33.59,72,935
1578326402202,18.90.73.100,12.45.25.43,75,25347
1578326402205,13.34.89.21,19.73.44.114,121,1214
1578326402206,14.31.109.115,12.48.23.97,72,941
1578326402207,15.34.21.61,12.42.30.44,74,12922
1578326402209,13.43.25.69,16.36.34.113,123,1500
1578326402210,12.32.114.37,19.98.21.120,52,91387
1578326402211,13.35.104.115,14.53.25.96,26,869
1578326402212,17.111.41.119,12.46.108.88,40,12707
1578326402212,17.51.114.78,12.54.83.120,74,66348
1578326402214,14.46.36.121,14.50.119.33,80,1113
1578326402217,14.31.100.118,13.57.121.24,34,992
1578326402217,19.73.40.97,13.57.122.124,75,65672
1578326402221,15.54.77.23,12.57.94.76,115,7017
1578326402221,18.103.64.21,14.59.117.63,39,10741
1578326402224,17.114.46.84,14.50.120.112,115,122882
1578326402226,12.46.108.88,13.38.122.21,115,25271
1578326402227,12.42.30.44,19.66.41.22,23,1037
1578326402227,14.59.119.87,15.55.24.124,105,76697
1578326402228,12.31.121.103,18.124.115.95,40,3092
1578326402229,14.51.68.82,12.31.121.103,94,1224
1578326402231,12.42.90.62,14.54.55.74,34,889
1578326402231,13.37.89.29,19.71.84.51,57,66330
1578326402233,19.70.92.72,13.52.71.74,37,43711
1578326402234,12.54.40.45,13.51.26.27,117,1500
1578326402234,15.87.112.73,12.42.90.62,39,9938
1578326402239,18.37.49.104,12.50.94.104,23,1027
1578326402239,19.85.75.25,12.30.79.116,57,8788
1578326402240,13.30.101.52,12.45.96.91,80,1336
1578326402241,14.47.38.54,17.20.76.126,112,42
1578326402241,14.49.82.31,18.69.54.66,79,656
1578326402242,14.41.99.120,12.42.63.40,56,27425
1578326402242,19.71.109.76,14.39.79.40,44,28912
1578326402243,13.33.24.50,17.37.25.76,112,42
1578326402243,18.55.33.25,12.36.96.50,39,4746
1578326402245,17.37.48.54,14.58.125.98,81,68901
1578326402247,14.39.115.84,18.99.69.114,65,40606
1578326402252,13.40.81.60,15.67.27.55,52,41970
1578326402252,13.58.81.97,12.40.85.115,89,52339
1578326402255,13.42.93.32,18.77.107.67,27,1288
1578326402255,13.44.63.106,15.88.61.40,68,1255
1578326402256,12.38.62.37,15.68.58.52,26,979
1578326402257,12.34.78.45,18.28.41.43,118,58070
1578326402257,12.45.46.27,13.46.43.95,80,1064
1578326402260,19.68.118.95,14.55.27.67,57,26774
1578326402261,12.37.98.53,17.72.52.54,82,1228
1578326402261,16.48.97.67,12.57.92.126,118,40925
1578326402264,15.27.107.78,12.58.71.70,44,7637
1578326402265,12.55.77.96,19.19.75.124,72,990
1578326402266,12.36.36.112,16.119.61.93,44,55754
1578326402266,13.56.75.126,12.49.68.75,102,4745
1578326402266,14.48.28.53,18.18.76.27,121,1040
1578326402266,14.51.84.50,16.58.99.74,77,1151
1578326402267,13.54.111.51,17.28.86.114,89,31085
1578326402268,13.59.117.81,17.64.70.47,82,924
1578326402268,16.86.94.93,14.41.31.49,37,6959
1578326402269,14.40.67.40,15.74.50.74,68,774
1578326402272,12.53.41.28,15.116.126.79,23,1028
1578326402272,16.103.63.45,14.59.55.31,39,11506
1578326402273,14.59.56.39,16.100.37.31,37,3522
1578326402275,13.50.99.28,16.42.112.108,75,50051
1578326402280,12.49.76.124,12.46.108.88,119,36948
1578326402282,13.33.107.59,12.30.51.81,102,19752
1578326402284,14.31.119.86,16.84.30.118,56,102736
1578326402286,14.31.109.115,12.51.82.63,79,1114
1578326402286,18.68.38.41,14.45.93.49,82,630
1578326402288,12.40.34.33,16.50.23.101,124,42
1578326402288,13.44.25.107,18.99.44.69,61,1229
1578326402293,12.35.103.44,16.107.94.33,57,44902
1578326402295,14.44.73.95,19.98.56.54,74,3372
1578326402297,18.79.64.45,12.47.64.74,102,124389
1578326402298,15.78.71.112,12.35.59.94,52,92365
1578326402299,12.32.50.74,18.104.27.32,40,104998
1578326402299,13.31.28.63,14.41.54.105,89,7879
1578326402299,18.92.78.101,12.55.115.122,74,47133
1578326402300,14.55.94.33,19.79.62.106,119,42033
1578326402303,15.51.61.46,13.41.79.125,75,8106
1578326402304,13.49.94.101,15.39.43.116,121,1203
1578326402304,13.58.29.31,17.92.66.34,112,42
1578326402308,13.37.85.29,12.42.30.44,34,936
1578326402311,15.50.37.106,12.34.25.71,102,40549
1578326402311,18.62.83.122,13.59.69.42,114,104455
1578326402311,18.69.107.82,13.57.94.56,56,21423
1578326402311,19.72.106.120,13.41.34.44,40,24182
1578326402312,13.30.30.34,15.47.123.80,57,21041
1578326402314,12.33.69.54,14.56.56.43,55,533
1578326402314,15.51.31.90,12.31.124.46,81,2138
1578326402315,16.121.77.39,14.30.29.98,56,38455
1578326402316,14.55.28.33,13.57.121.24,118,9409
1578326402316,18.28.29.69,13.46.64.102,82,783
1578326402317,16.38.88.62,12.33.36.105,81,6109
1578326402320,15.17.76.30,14.45.58.53,29,75546
1578326402322,14.30.29.98,17.41.48.37,26,908
1578326402326,13.39.93.73,12.55.121.36,124,42
1578326402326,14.59.56.39,18.118.98.62,75,17392
1578326402326,17.35.88.33,13.49.46.110,37,39020
1578326402326,18.30.126.101,13.34.27.126,75,36536
1578326402327,13.30.30.67,16.64.64.89,82,1222
1578326402327,14.30.109.32,16.52.119.117,39,57949
1578326402328,12.38.56.107,15.98.111.21,89,42499
1578326402328,12.55.76.121,13.37.106.28,57,19943
1578326402328,13.58.72.67,14.47.51.82,61,804
1578326402328,17.113.102.125,12.50.105.24,56,11421
1578326402329,14.50.100.78,16.33.30.59,61,1035
1578326402333,14.40.73.88,19.125.101.57,72,1019
1578326402333,14.53.76.24,16.114.56.55,44,28305
1578326402334,13.45.21.97,17.119.85.107,81,4643
1578326402339,19.116.65.51,13.44.83.23,65,51763
1578326402340,17.104.30.31,12.39.41.58,92,52812
1578326402341,19.61.88.30,14.45.108.84,65,14243
1578326402342,19.34.28.69,14.59.119.87,29,71528
1578326402345,17.45.71.90,12.58.122.56,75,5870
1578326402346,17.76.110.78,12.47.121.70,119,65051
1578326402348,16.16.112.34,13.55.87.104,52,20543
1578326402349,17.56.64.110,12.36.93.120,74,101100
1578326402352,18.23.71.93,14.43.40.85,52,4891
1578326402355,12.48.81.33,12.56.32.101,94,949
1578326402355,13.34.88.95,15.65.114.58,123,1500
1578326402356,12.43.33.108,13.42.104.86,80,846
1578326402356,13.50.121.25,18.97.49.110,81,13085
1578326402358,13.59.69.42,15.66.118.41,42,1337
1578326402358,14.45.58.53,19.116.46.63,94,1170
1578326402359,19.112.78.41,12.43.57.22,115,41090
1578326402361,19.58.27.81,13.38.61.108,40,58188
1578326402363,19.69.48.27,12.32.117.101,22,943
1578326402364,12.57.33.114,13.36.70.78,26,827
1578326402364,13.43.25.69,17.85.58.26,79,979
1578326402365,12.45.84.63,17.44.110.81,82,1222
1578326402367,12.45.52.97,15.39.61.100,55,5332
1578326402367,19.39.69.105,12.30.75.111,55,6075
1578326402370,18.60.95.124,14.58.123.63,44,5646
1578326402371,14.58.125.98,13.40.30.60,55,24138
1578326402373,13.58.54.65,13.45.122.120,115,70514
1578326402376,18.126.37.110,12.46.83.26,94,1319
1578326402377,12.50.115.96,15.39.111.125,61,907
1578326402378,13.49.94.101,15.34.73.29,79,988
1578326402379,12.50.55.35,16.43.37.60,44,44993
1578326402379,18.82.54.38,14.56.41.105,55,9046
1578326402380,13.37.51.62,16.123.118.73,119,44934
1578326402382,13.34.91.45,17.35.116.29,44,37275
1578326402384,13.49.109.31,15.74.21.116,26,1041
1578326402385,16.40.36.78,12.56.80.111,37,32447
1578326402385,19.62.114.67,14.50.96.68,52,63069
1578326402388,13.45.41.70,12.45.96.91,92,22931
1578326402389,12.58.125.96,15.20.100.78,105,58981
1578326402390,15.51.64.44,13.50.121.25,56,5268
1578326402390,17.15.51.79,14.34.83.70,52,67547
1578326402392,19.85.124.63,14.34.95.93,65,66279
1578326402393,15.107.114.44,12.34.48.37,40,4607
1578326402393,17.41.112.62,13.43.52.51,81,3947
1578326402394,15.109.56.69,12.30.80.120,102,75025
1578326402400,17.24.29.57,12.48.48.60,102,9007
1578326402402,17.122.78.80,13.52.63.48,118,31280
1578326402402,17.97.103.40,14.50.80.50,102,9159
1578326402403,13.54.111.51,16.114.87.105,74,5143
1578326402407,14.51.75.107,17.122.95.88,68,944
1578326402409,12.54.75.122,17.101.74.121,92,42001
1578326402409,14.34.32.76,18.49.44.59,105,49165
1578326402409,17.64.35.97,13.36.84.87,26,852
1578326402411,16.96.126.51,14.47.53.31,119,7326
1578326402413,12.46.85.56,16.121.77.39,23,861
1578326402414,14.32.111.33,12.43.119.25,117,1500
1578326402416,12.43.119.25,17.113.109.126,40,79686
1578326402416,19.89.118.86,12.42.47.33,114,11177
1578326402417,13.52.31.63,13.55.120.121,29,87616
1578326402421,13.57.121.24,18.94.48.59,72,652
1578326402425,16.40.106.42,13.54.100.37,44,5599
1578326402427,14.30.29.98,14.43.75.44,79,1028
1578326402429,14.51.68.82,14.47.89.22,37,5313
1578326402429,15.63.84.81,13.48.72.30,123,1500
1578326402432,17.114.46.84,14.44.118.101,115,20423
1578326402437,13.45.121.86,14.48.41.66,42,1337
1578326402441,14.40.109.88,15.126.26.52,61,1011
1578326402443,12.36.36.112,19.107.32.88,37,65052
1578326402443,13.30.55.77,16.78.81.32,55,5634
1578326402443,15.101.88.91,12.49.35.70,81,36184
1578326402447,12.39.41.58,16.87.33.109,44,11707
1578326402447,14.31.79.69,13.41.43.83,92,36450
1578326402447,15.55.33.25,14.45.85.102,29,15077
1578326402451,16.108.101.107,13.54.121.53,37,6060
1578326402451,16.19.70.50,13.33.35.115,114,5780
1578326402452,12.50.115.96,12.35.74.108,121,1051
1578326402453,16.124.22.71,14.40.116.80,65,2731
1578326402454,14.47.61.120,15.23.54.44,34,1017
1578326402455,12.46.85.56,13.46.43.95,50,1004
1578326402456,19.99.53.44,14.37.50.41,102,5603
1578326402457,18.125.67.89,13.46.80.34,105,23523
1578326402458,14.52.109.25,17.125.67.74,72,1013
1578326402458,19.34.22.84,13.32.122.43,57,6655
1578326402460,15.39.71.71,14.55.94.33,55,5756
1578326402460,18.43.54.30,14.38.79.39,118,5557
1578326402461,12.57.33.114,16.44.55.77,56,40027
1578326402463,17.101.24.77,14.32.111.33,114,7045
1578326402464,17.21.88.116,13.45.47.36,102,55841
1578326402470,17.116.62.61,14.36.32.91,114,5661
1578326402472,18.55.97.124,13.36.60.48,52,4821
1578326402473,17.51.81.37,12.31.114.38,114,2000
1578326402474,17.58.81.96,13.49.102.124,75,6296
1578326402477,13.38.72.85,15.65.59.82,65,40563
1578326402478,18.69.40.113,13.40.107.29,75,3763
1578326402479,13.50.51.78,16.121.101.89,39,53499
1578326402482,12.58.80.43,18.69.76.121,25,42
1578326402482,14.57.70.39,14.55.60.84,56,1621
1578326402484,16.30.99.88,13.36.37.53,61,970
1578326402485,13.41.36.62,17.114.46.103,57,40479
1578326402485,14.30.99.114,14.53.25.96,50,1044
1578326402488,14.30.30.49,12.58.54.120,27,1052
1578326402488,18.43.32.32,13.43.77.101,119,4532
1578326402489,14.37.98.91,18.30.65.77,39,33370
1578326402491,17.16.84.82,14.52.31.30,37,4956
1578326402491,19.19.66.94,13.38.61.108,74,70067
1578326402493,18.115.122.73,12.51.111.58,55,26237
1578326402493,19.37.112.38,13.46.66.86,57,19602
1578326402496,17.84.78.65,14.48.75.21,37,11681
1578326402498,16.82.95.81,12.51.111.58,89,7980
1578326402499,16.25.115.50,13.36.102.77,89,24713
1578326402503,16.33.85.47,14.53.63.77,92,59973
1578326402504,19.101.92.114,14.34.32.76,105,51391
1578326402507,13.55.75.103,14.47.74.93,105,31930
1578326402507,18.46.105.75,14.50.94.64,89,69533
1578326402509,16.39.43.96,14.34.58.53,118,76512
1578326402512,14.47.46.103,15.67.105.33,123,1500
1578326402514,14.41.120.94,15.96.43.72,40,4040
1578326402515,14.40.116.25,14.49.89.121,75,50340
1578326402518,17.40.74.89,14.31.123.56,92,43232
1578326402521,18.96.61.49,12.45.52.97,37,7459
1578326402523,16.78.110.85,14.43.103.75,44,3216
1578326402523,17.111.41.119,12.43.59.49,65,2133
1578326402526,13.47.39.75,12.36.36.112,57,48831
1578326402535,14.45.31.35,17.89.43.112,55,1949
1578326402535,19.87.41.50,12.59.52.59,65,8277
1578326402537,14.50.80.50,17.80.42.39,61,1054
1578326402539,16.71.100.46,14.34.58.53,74,50680
1578326402539,18.51.88.112,13.33.36.23,37,34001
1578326402545,17.52.67.111,13.34.48.21,37,3291
1578326402547,17.62.117.102,12.32.64.49,114,5355
1578326402548,18.80.47.35,14.59.119.87,57,65950
1578326402551,13.59.30.53,14.49.52.123,68,901
1578326402552,13.44.77.27,13.31.27.25,65,76332
1578326402554,12.33.28.63,15.24.45.101,72,1070
1578326402555,14.50.100.78,19.42.50.32,118,132
1578326402555,19.19.60.116,13.43.125.31,52,3919
1578326402556,16.124.47.31,14.34.65.37,57,3616
1578326402556,19.71.66.71,12.51.27.88,39,55617
1578326402557,16.59.93.94,14.40.35.22,114,13754
1578326402558,18.39.107.65,13.36.60.48,114,79265
1578326402562,13.50.104.54,16.77.105.44,77,1025
1578326402563,13.50.121.25,18.45.41.32,94,1166
1578326402564,13.39.93.73,19.95.99.75,26,867
1578326402564,17.71.73.72,14.36.125.87,65,54225
1578326402565,16.27.50.80,13.41.36.62,75,45877
1578326402567,12.53.41.28,14.51.59.121,114,45603
1578326402570,12.30.96.87,14.46.37.72,77,939
1578326402570,12.42.62.114,14.42.96.65,121,1170
1578326402572,14.39.23.23,15.62.35.80,124,42
1578326402573,14.48.60.119,15.83.23.39,72,986
1578326402577,15.35.33.89,14.42.99.114,37,34092
1578326402577,18.90.39.31,13.46.66.86,115,58307
1578326402580,14.41.79.34,16.114.87.105,22,1038
1578326402580,15.101.88.91,12.30.107.71,75,16295
1578326402581,15.43.69.42,13.33.34.81,118,40165
1578326402581,19.35.30.71,13.59.107.90,52,5330
1578326402582,13.45.36.60,18.124.62.32,96,898
1578326402583,19.107.113.108,12.31.69.21,81,11091
1578326402587,14.40.109.88,13.47.86.88,61,1011
1578326402588,19.112.110.126,12.31.97.58,105,43997
1578326402590,15.21.114.107,13.49.94.101,89,20208
1578326402591,15.87.31.95,14.50.123.50,75,8152
1578326402593,18.103.62.95,14.46.36.121,119,46440
1578326402593,18.92.51.25,14.35.72.110,56,5044
1578326402598,17.93.34.105,12.35.44.98,44,6238
1578326402600,13.58.49.22,16.44.105.112,50,1128
1578326402601,19.90.29.81,14.39.38.106,65,23147
1578326402603,18.52.120.35,12.40.102.61,115,7932
1578326402604,14.34.32.76,19.60.88.51,37,65032
1578326402607,12.48.85.62,14.53.122.55,44,67564
1578326402608,14.40.94.117,17.49.36.34,105,44300
1578326402610,15.54.78.81,13.38.43.78,52,43136
1578326402610,16.23.75.101,14.50.123.50,74,40553
1578326402611,17.75.76.96,12.47.47.34,105,24127
1578326402613,14.34.95.93,15.60.26.116,37,20407
1578326402613,14.53.122.55,18.17.44.124,61,806
1578326402617,16.23.75.101,14.51.85.92,81,5118
1578326402621,13.50.104.54,12.38.28.117,118,21953
1578326402625,14.43.40.85,15.119.114.116,27,887
1578326402627,16.28.66.59,14.49.52.81,105,5273
1578326402629,13.41.22.73,13.59.48.82,23,1085
1578326402631,13.36.60.48,15.92.23.121,61,847
1578326402634,19.77.125.84,14.39.23.23,92,20432
1578326402635,12.47.121.70,15.54.77.23,123,1500
1578326402638,15.73.102.90,12.33.73.55,114,41758
1578326402639,14.33.32.62,19.116.59.62,57,46365
1578326402639,18.46.105.75,14.31.113.107,57,58933
1578326402640,16.105.33.41,13.40.66.92,40,59962
1578326402640,19.35.69.110,13.44.40.115,52,39998
1578326402642,14.53.25.96,18.119.36.104,50,822
1578326402647,13.45.79.126,14.53.122.55,96,929
1578326402648,12.48.29.49,17.58.118.51,96,974
1578326402649,12.35.77.125,16.57.101.112,65,29194
1578326402649,14.36.60.53,16.116.100.58,52,4489
1578326402649,15.64.81.63,12.51.121.102,89,6531
1578326402650,15.110.72.85,14.34.95.93,37,24457
1578326402651,17.25.105.104,13.40.28.87,81,46951
1578326402652,14.40.94.117,17.112.125.101,115,11148
1578326402653,14.54.33.79,19.48.56.71,34,988
1578326402657,14.38.81.41,15.125.70.86,74,4847
1578326402659,15.122.48.109,12.45.122.125,102,31995
1578326402660,14.45.87.35,13.37.106.28,74,10184
1578326402660,19.87.41.50,12.32.50.74,56,28896
1578326402661,13.54.121.53,12.45.96.91,61,1073
1578326402661,17.94.85.126,13.45.121.86,105,12723
1578326402662,18.23.74.40,14.58.123.63,102,39034
1578326402664,18.107.27.80,14.52.98.41,40,29831
1578326402665,17.85.61.120,13.36.84.87,124,42
1578326402667,19.112.32.113,14.52.113.99,55,51363
1578326402668,13.39.45.30,12.35.72.64,96,1269
1578326402671,19.118.118.87,12.46.85.56,118,7167
1578326402672,13.41.85.73,12.56.120.100,65,1294
1578326402673,12.37.98.53,16.121.38.46,56,5232
1578326402673,13.50.86.126,12.45.96.91,121,984
1578326402673,14.55.94.33,17.31.96.125,56,22947
1578326402675,15.123.65.51,12.45.44.35,89,48547
1578326402680,12.32.108.78,18.123.115.30,119,58689
1578326402681,12.50.94.104,18.31.105.53,26,953
1578326402681,13.49.50.60,16.118.112.24,44,117260
1578326402683,19.29.81.91,14.49.61.30,118,48754
1578326402685,12.46.22.25,15.99.123.64,27,1127
1578326402689,14.37.27.119,15.105.68.84,119,80349
1578326402689,19.113.99.78,14.40.94.117,105,29328
1578326402690,18.125.99.115,12.35.104.25,55,28429
1578326402691,13.51.24.117,13.41.43.83,102,6092
1578326402694,18.124.126.67,13.37.44.102,29,8296
1578326402696,12.48.48.60,18.59.38.118,55,13327
1578326402696,16.119.122.126,12.44.117.123,52,4585
1578326402697,16.40.106.42,13.42.80.122,52,51821
1578326402701,15.37.59.87,13.35.25.30,92,54547
1578326402701,18.90.95.69,13.37.25.93,44,5573
1578326402702,12.38.90.67,17.82.59.22,22,1095
1578326402702,14.45.93.49,18.44.55.36,42,1337
1578326402702,17.94.47.93,14.34.85.126,114,6729
1578326402702,18.30.51.103,12.47.85.113,57,79494
1578326402703,14.35.21.57,15.102.109.68,115,43796
1578326402703,19.88.123.85,13.38.61.108,52,3616
1578326402705,15.62.117.123,14.51.78.71,92,8761
1578326402706,14.40.73.88,18.63.23.81,52,64575
1578326402714,14.32.111.33,13.55.70.74,39,3080
1578326402714,19.125.60.54,12.55.116.41,56,5095
1578326402719,14.47.74.41,14.59.56.113,26,1213
1578326402720,13.46.103.23,19.47.112.36,75,71147
1578326402721,12.57.49.95,18.117.115.82,56,74146
1578326402721,14.45.85.102,18.87.45.76,89,60719
1578326402724,13.46.103.23,17.104.65.39,79,829
1578326402725,13.50.51.78,19.118.109.30,65,6895
1578326402726,13.30.72.123,19.102.61.114,74,8406
1578326402730,16.61.80.56,14.44.60.87,55,91720
1578326402731,15.15.31.74,14.36.94.23,26,1221
1578326402732,12.38.56.116,17.96.113.81,79,1102
1578326402733,13.44.25.107,13.50.99.28,77,1095
1578326402734,13.52.97.88,16.90.117.44,112,42
1578326402737,16.57.70.44,13.50.118.126,65,65804
1578326402739,14.55.43.81,16.38.21.40,74,29090
1578326402742,17.17.75.118,14.58.28.69,92,5274
1578326402743,17.87.22.87,13.35.104.115,56,4896
1578326402744,12.41.106.100,19.75.69.23,34,691
1578326402744,14.55.46.81,17.76.108.56,27,1043
1578326402745,12.34.27.104,15.98.28.74,55,56991
1578326402745,13.38.107.31,17.120.90.39,74,19047
1578326402745,14.40.35.22,14.59.56.113,119,8302
1578326402745,14.46.80.36,15.102.73.122,22,972
1578326402747,12.46.83.26,19.22.25.22,102,6081
1578326402749,17.36.96.115,12.35.70.121,105,8724
1578326402751,14.32.43.42,13.55.120.121,119,4718
1578326402753,13.51.104.56,14.49.55.105,102,24242
1578326402753,13.55.70.74,14.49.89.121,50,1022
1578326402754,16.123.124.25,13.57.72.73,57,66178
1578326402754,18.55.113.78,12.51.27.88,55,11802
1578326402755,15.83.22.92,13.39.45.30,92,10414
1578326402758,12.49.49.70,19.91.116.122,61,1074
1578326402759,12.46.104.87,14.46.37.72,77,1095
1578326402760,19.120.118.98,14.59.56.113,55,7461
1578326402765,14.41.54.105,17.68.30.28,39,58539
1578326402766,12.42.47.33,15.30.41.61,124,42
1578326402770,15.32.74.95,13.40.27.82,40,44115
1578326402774,16.107.95.71,13.40.119.70,77,868
1578326402774,17.122.57.123,14.58.100.48,92,8058
1578326402775,18.89.80.105,13.35.41.78,115,47749
1578326402780,17.48.26.123,14.47.117.54,102,6852
1578326402781,16.71.81.122,12.42.90.62,118,41032
1578326402785,12.49.68.75,14.48.85.66,92,3459
1578326402789,14.50.96.68,16.64.38.57,37,5624
1578326402792,12.43.99.108,12.30.51.81,39,86323
1578326402793,16.74.33.34,12.37.108.88,23,887
1578326402794,14.41.77.105,15.32.122.83,55,82890
1578326402795,17.46.103.107,13.54.61.33,57,40710
1578326402796,18.80.91.46,13.40.113.106,40,65199
1578326402797,13.45.72.57,18.18.94.73,102,62975
1578326402798,19.65.35.114,14.58.123.63,57,6097
1578326402800,19.116.37.108,12.44.70.23,40,13131
1578326402803,13.50.114.110,14.49.52.123,44,7075
1578326402805,17.72.35.111,14.45.46.52,81,32800
1578326402806,17.47.56.52,14.38.118.80,44,11726
1578326402806,18.23.115.71,14.58.123.63,105,7994
1578326402808,12.54.31.69,17.70.124.44,61,1123
1578326402809,14.41.120.107,18.25.120.90,42,1337
1578326402812,18.46.48.39,12.35.103.44,81,6670
1578326402813,17.21.57.100,13.52.71.74,102,47030
1578326402814,16.57.70.44,12.33.28.63,55,17569
1578326402815,15.59.70.39,13.44.77.27,94,1099
1578326402815,19.22.118.61,12.46.107.121,118,69190
1578326402816,15.83.38.55,12.44.117.68,115,114589
1578326402818,13.41.60.66,13.51.26.27,112,42
1578326402818,14.39.79.40,12.30.62.113,117,1500
1578326402819,16.126.43.47,14.47.38.54,52,6714
1578326402822,14.39.42.91,18.118.49.34,79,1035
1578326402825,19.19.60.116,14.58.123.63,74,36073
1578326402827,12.53.30.67,14.35.72.110,25,42
1578326402827,14.35.55.86,12.58.54.120,105,8489
1578326402827,14.50.21.87,16.93.107.28,74,24937
1578326402828,12.37.98.53,16.91.117.97,65,51709
1578326402829,12.34.78.45,14.50.105.106,74,18796
1578326402829,17.60.52.72,13.36.84.87,52,54516
1578326402834,14.59.55.31,15.119.32.108,29,77685
1578326402835,18.43.70.122,13.44.40.115,118,7181
1578326402837,18.34.50.69,12.48.102.111,118,6384
1578326402838,19.34.64.109,13.31.72.109,40,6753
1578326402839,12.49.68.75,18.39.107.65,42,1337
1578326402839,13.43.90.61,19.93.125.122,52,73554
1578326402848,13.46.28.99,12.46.107.121,26,1017
1578326402848,14.56.86.100,17.16.91.104,112,42
1578326402852,16.59.110.102,13.38.61.108,40,53101
1578326402856,13.35.123.62,16.71.48.74,34,1209
1578326402856,14.34.95.93,12.40.85.115,106,255
1578326402858,13.40.66.92,18.92.124.126,82,1024
1578326402859,17.93.27.100,13.40.107.29,57,7313
1578326402859,19.113.99.78,13.35.79.97,74,5237
1578326402862,13.49.102.124,18.46.48.39,102,25780
1578326402862,14.43.40.85,13.36.102.77,115,5421
1578326402863,14.39.78.114,17.78.82.102,34,799
1578326402865,17.111.53.108,13.55.93.59,89,2771
1578326402866,17.102.56.94,14.39.74.116,114,48397
1578326402867,12.54.83.120,19.73.74.40,52,38595
1578326402868,13.39.46.94,18.40.51.88,115,7308
1578326402870,17.71.27.37,14.37.48.116,119,8547
1578326402871,13.33.94.98,12.56.47.110,81,75971
1578326402876,12.33.69.54,15.19.119.53,118,78135
1578326402876,19.41.86.87,12.59.119.108,118,9144
1578326402876,19.45.103.29,13.33.94.98,119,7173
1578326402882,12.54.83.120,18.122.28.107,26,719
1578326402885,14.56.48.77,18.24.88.72,112,42
1578326402886,16.107.102.43,14.30.30.49,52,9032
1578326402888,14.41.54.105,15.103.83.58,106,255
1578326402888,17.30.66.31,13.31.27.25,55,5415
1578326402890,18.59.126.75,12.32.117.101,56,32013
1578326402891,14.48.60.119,17.122.107.95,25,42
1578326402891,18.67.119.70,14.53.63.77,105,51646
1578326402896,12.41.46.114,19.62.97.57,123,1500
1578326402896,12.56.67.23,16.43.92.37,75,53437
1578326402897,12.42.34.100,18.53.81.51,42,1337
1578326402900,17.90.90.61,13.49.86.61,89,74008
1578326402901,13.49.84.124,15.28.86.76,23,1076
1578326402902,13.44.46.40,14.58.95.121,29,44352
1578326402904,14.53.76.64,14.42.96.65,29,83369
1578326402905,12.46.104.87,17.76.125.116,123,1500
1578326402905,14.51.59.121,17.71.27.37,52,4144
1578326402906,12.54.109.102,12.53.109.71,39,21808
1578326402906,19.66.41.22,14.34.95.93,74,81901
1578326402907,12.39.41.58,15.36.115.82,39,27526
1578326402909,15.92.109.78,12.44.49.80,114,53493
1578326402910,14.34.77.52,15.93.56.95,75,76983
1578326402911,19.39.70.82,13.41.22.73,105,27337
1578326402914,12.49.41.125,14.49.89.121,115,7064
1578326402914,13.34.27.126,19.28.63.91,75,34658
1578326402915,17.16.91.104,12.32.96.46,115,79010
1578326402919,14.47.24.84,15.40.69.57,37,34084
1578326402920,13.46.61.115,14.51.59.121,55,54556
1578326402920,14.55.63.97,18.62.36.26,114,4490
1578326402926,16.94.85.80,12.37.52.89,55,9371
1578326402927,12.57.92.126,19.30.56.39,50,985
1578326402927,14.57.60.122,15.48.80.92,80,1119
1578326402927,17.49.36.34,12.58.41.98,105,6014
1578326402929,12.41.97.34,16.38.97.59,94,918
1578326402929,13.59.30.53,16.116.100.58,50,801
1578326402930,13.44.63.106,16.117.41.68,75,51559
1578326402930,13.46.84.103,13.56.83.109,96,1178
1578326402931,14.50.21.87,18.120.74.52,114,7974
1578326402931,18.59.61.77,13.35.104.115,90,42
1578326402934,19.112.78.41,12.58.68.102,52,4597
1578326402935,13.38.33.79,12.54.31.69,124,42
1578326402938,13.35.111.87,15.61.119.70,74,64036
1578326402944,12.41.46.114,15.45.122.93,80,1006
1578326402947,18.30.65.77,14.51.107.46,81,7131
1578326402950,14.56.49.69,12.34.44.43,29,41340
1578326402952,12.43.60.48,19.44.72.76,34,880
1578326402953,13.57.28.51,14.39.78.114,65,5452
1578326402955,13.44.40.115,12.36.36.112,29,11943
1578326402955,17.85.33.28,12.34.26.63,37,6872
1578326402956,14.56.108.70,13.45.122.120,75,98471
1578326402956,18.26.97.65,14.50.43.121,102,59838
1578326402957,14.51.77.26,12.56.120.100,94,1042
1578326402959,13.42.93.32,12.45.96.91,44,5211
1578326402960,12.54.59.43,17.59.50.43,29,28770
1578326402960,13.40.68.24,13.40.30.60,72,1205
1578326402961,12.30.62.113,13.51.26.27,52,7440
1578326402962,16.54.111.54,12.56.32.101,52,61024
1578326402963,12.48.42.74,17.87.84.76,81,49508
